send_id,offer_id,group_id,subject_id,sender_email,sender_name,email_message,send_date
16715,89,44,540,orlando.p.loving22@shopmykart.store,"Costco Reward",,"29-05-2021 13:35"
16716,89,44,540,orlando.p.loving22@shopmykart.store,"Costco Reward",,"29-05-2021 13:35"
16720,89,44,540,orlando.p.loving22@shopmykart.store,"Costco Reward",,"29-05-2021 14:00"
16721,89,44,540,orlando.p.loving22@shopmykart.store,"Costco Reward",,"29-05-2021 14:25"
16722,89,44,540,orlando.p.loving22@shopmykart.store,"Costco Reward",,"29-05-2021 23:30"
16723,89,44,540,orlando.p.loving22@shopmykart.store,"Costco Reward",,"29-05-2021 23:55"
16724,89,44,540,orlando.p.loving22@shopmykart.store,"Costco Reward",,"30-05-2021 00:20"
16725,89,44,540,orlando.p.loving22@shopmykart.store,"Costco Reward",,"30-05-2021 00:45"
16726,89,44,540,orlando.p.loving22@shopmykart.store,"Costco Reward",,"30-05-2021 01:10"
16727,89,44,540,orlando.p.loving22@shopmykart.store,"Costco Reward",,"30-05-2021 01:35"
16728,89,44,540,orlando.p.loving22@shopmykart.store,"Costco Reward",,"30-05-2021 02:00"
16729,89,44,540,orlando.p.loving22@shopmykart.store,"Costco Reward",,"30-05-2021 02:25"
16730,89,44,540,orlando.p.loving22@shopmykart.store,"Costco Reward",,"30-05-2021 02:50"
16731,89,44,540,orlando.p.loving22@shopmykart.store,"Costco Reward",,"30-05-2021 03:15"
16732,89,44,540,orlando.p.loving22@shopmykart.store,"Costco Reward",,"30-05-2021 03:40"
16733,89,44,540,orlando.p.loving22@shopmykart.store,"Costco Reward",,"30-05-2021 04:24"
16734,89,44,540,orlando.p.loving22@shopmykart.store,"Costco Reward",,"30-05-2021 04:48"
16735,89,44,540,orlando.p.loving22@shopmykart.store,"Costco Reward",,"30-05-2021 05:24"
16736,89,44,540,orlando.p.loving22@shopmykart.store,"Costco Reward",,"30-05-2021 05:40"
16737,89,44,540,orlando.p.loving22@shopmykart.store,"Costco Reward",,"30-05-2021 06:05"
16738,89,44,540,orlando.p.loving22@shopmykart.store,"Costco Reward",,"30-05-2021 06:30"
16739,89,44,540,orlando.p.loving22@shopmykart.store,"Costco Reward",,"30-05-2021 06:55"
16740,89,44,540,orlando.p.loving22@shopmykart.store,"Costco Reward",,"30-05-2021 07:20"
16741,89,44,540,orlando.p.loving22@shopmykart.store,"Costco Reward",,"30-05-2021 07:45"
16742,89,44,540,orlando.p.loving22@shopmykart.store,"Costco Reward",,"30-05-2021 08:55"
16743,89,44,540,orlando.p.loving22@shopmykart.store,"Costco Reward",,"30-05-2021 09:20"
16744,89,44,540,orlando.p.loving22@shopmykart.store,"Costco Reward",,"30-05-2021 09:45"
16745,89,44,540,orlando.p.loving22@shopmykart.store,"Costco Reward",,"30-05-2021 10:10"
16746,89,44,540,orlando.p.loving22@shopmykart.store,"Costco Reward",,"30-05-2021 10:35"
16747,89,44,540,orlando.p.loving22@shopmykart.store,"Costco Reward",,"30-05-2021 11:00"
16748,89,44,540,orlando.p.loving22@shopmykart.store,"Costco Reward",,"30-05-2021 11:25"
16749,89,44,540,orlando.p.loving22@shopmykart.store,"Costco Reward",,"30-05-2021 11:50"
16750,89,44,540,orlando.p.loving22@shopmykart.store,"Costco Reward",,"30-05-2021 13:15"
16751,89,44,540,orlando.p.loving22@shopmykart.store,"Costco Reward",,"30-05-2021 13:40"
16752,89,44,540,orlando.p.loving22@shopmykart.store,"Costco Reward",,"30-05-2021 14:05"
16753,89,44,540,orlando.p.loving22@shopmykart.store,"Costco Reward",,"30-05-2021 14:30"
16754,89,44,540,orlando.p.loving22@shopmykart.store,"Costco Reward",,"30-05-2021 14:55"
16755,89,44,540,orlando.p.loving22@shopmykart.store,"Costco Reward",,"30-05-2021 15:20"
16756,89,44,540,orlando.p.loving22@shopmykart.store,"Costco Reward",,"30-05-2021 15:40"
16757,89,44,540,orlando.p.loving22@shopmykart.store,"Costco Reward",,"30-05-2021 16:05"
16758,89,44,540,orlando.p.loving22@shopmykart.store,"Costco Reward",,"30-05-2021 23:35"
16759,89,44,540,orlando.p.loving22@shopmykart.store,"Costco Reward",,"31-05-2021 00:00"
16760,89,44,540,orlando.p.loving22@shopmykart.store,"Costco Reward",,"31-05-2021 00:25"
16761,89,44,540,orlando.p.loving22@shopmykart.store,"Costco Reward",,"31-05-2021 00:50"
16762,89,44,540,orlando.p.loving22@shopmykart.store,"Costco Reward",,"31-05-2021 01:15"
16763,89,44,540,orlando.p.loving22@shopmykart.store,"Costco Reward",,"31-05-2021 01:40"
16764,89,44,540,orlando.p.loving22@shopmykart.store,"Costco Reward",,"31-05-2021 02:05"
16765,89,44,540,orlando.p.loving22@shopmykart.store,"Costco Reward",,"31-05-2021 02:30"
16766,89,44,540,orlando.p.loving22@shopmykart.store,"Costco Reward",,"31-05-2021 02:55"
16767,89,44,540,orlando.p.loving22@shopmykart.store,"Costco Reward",,"31-05-2021 03:20"
16768,89,44,540,orlando.p.loving22@shopmykart.store,"Costco Reward",,"31-05-2021 03:45"
16769,89,44,540,orlando.p.loving22@shopmykart.store,"Costco Reward",,"31-05-2021 04:05"
16770,89,44,540,orlando.p.loving22@shopmykart.store,"Costco Reward",,"31-05-2021 04:10"
16771,89,44,540,orlando.p.loving22@shopmykart.store,"Costco Reward",,"31-05-2021 04:25"
16772,89,44,540,orlando.p.loving22@shopmykart.store,"Costco Reward",,"31-05-2021 04:35"
16773,89,44,540,orlando.p.loving22@shopmykart.store,"Costco Reward",,"31-05-2021 04:50"
16774,89,44,540,orlando.p.loving22@shopmykart.store,"Costco Reward",,"31-05-2021 05:00"
16775,89,44,540,orlando.p.loving22@shopmykart.store,"Costco Reward",,"31-05-2021 05:15"
16776,89,44,540,orlando.p.loving22@shopmykart.store,"Costco Reward",,"31-05-2021 05:25"
16777,89,44,540,orlando.p.loving22@shopmykart.store,"Costco Reward",,"31-05-2021 05:40"
16778,89,44,540,orlando.p.loving22@shopmykart.store,"Costco Reward",,"31-05-2021 05:50"
16779,89,44,540,orlando.p.loving22@shopmykart.store,"Costco Reward",,"31-05-2021 06:05"
16780,89,44,540,orlando.p.loving22@shopmykart.store,"Costco Reward",,"31-05-2021 06:30"
16781,89,44,540,orlando.p.loving22@shopmykart.store,"Costco Reward",,"31-05-2021 06:55"
16782,89,44,545,gerald.hutchins.91@shopmykart.store,"Consumer Survey",,"31-05-2021 10:05"
16783,89,44,545,gerald.hutchins.91@shopmykart.store,"Consumer Survey",,"31-05-2021 10:15"
16784,89,44,545,gerald.hutchins.91@shopmykart.store,"Consumer Survey",,"31-05-2021 10:30"
16785,89,44,545,gerald.hutchins.91@shopmykart.store,"Consumer Survey",,"31-05-2021 10:40"
16786,89,44,545,gerald.hutchins.91@shopmykart.store,"Consumer Survey",,"31-05-2021 10:55"
16787,89,44,545,gerald.hutchins.91@shopmykart.store,"Consumer Survey",,"31-05-2021 11:05"
16788,89,44,545,gerald.hutchins.91@shopmykart.store,"Consumer Survey",,"31-05-2021 11:20"
16789,89,44,545,gerald.hutchins.91@shopmykart.store,"Consumer Survey",,"31-05-2021 11:30"
16790,89,44,545,gerald.hutchins.91@shopmykart.store,"Consumer Survey",,"31-05-2021 11:45"
16791,89,44,545,gerald.hutchins.91@shopmykart.store,"Consumer Survey",,"31-05-2021 11:55"
16792,89,44,545,gerald.hutchins.91@shopmykart.store,"Consumer Survey",,"31-05-2021 12:10"
16793,89,44,545,gerald.hutchins.91@shopmykart.store,"Consumer Survey",,"31-05-2021 12:20"
16794,89,44,545,gerald.hutchins.91@shopmykart.store,"Consumer Survey",,"31-05-2021 12:35"
16795,89,44,545,gerald.hutchins.91@shopmykart.store,"Consumer Survey",,"31-05-2021 12:45"
16796,89,44,545,gerald.hutchins.91@shopmykart.store,"Consumer Survey",,"31-05-2021 13:00"
16797,89,44,545,gerald.hutchins.91@shopmykart.store,"Consumer Survey",,"31-05-2021 13:10"
16798,89,44,545,gerald.hutchins.91@shopmykart.store,"Consumer Survey",,"31-05-2021 13:25"
16799,89,44,545,gerald.hutchins.91@shopmykart.store,"Consumer Survey",,"31-05-2021 13:35"
16800,89,44,545,gerald.hutchins.91@shopmykart.store,"Consumer Survey",,"31-05-2021 13:50"
16801,89,44,545,gerald.hutchins.91@shopmykart.store,"Consumer Survey",,"31-05-2021 14:00"
16802,89,44,545,gerald.hutchins.91@shopmykart.store,"Consumer Survey",,"31-05-2021 14:15"
16803,89,44,545,gerald.hutchins.91@shopmykart.store,"Consumer Survey",,"31-05-2021 14:25"
16804,89,44,545,gerald.hutchins.91@shopmykart.store,"Consumer Survey",,"31-05-2021 14:35"
16805,89,44,545,gerald.hutchins.91@shopmykart.store,"Consumer Survey",,"31-05-2021 15:00"
16806,89,44,545,gerald.hutchins.91@shopmykart.store,"Consumer Survey",,"31-05-2021 15:25"
16911,89,44,545,gerald.hutchins.91@shopmykart.store,"Consumer Survey",,"31-05-2021 23:40"
16925,89,44,545,gerald.hutchins.91@shopmykart.store,"Consumer Survey",,"01-06-2021 00:05"
16933,89,44,545,gerald.hutchins.91@shopmykart.store,"Consumer Survey",,"01-06-2021 00:30"
16938,89,44,545,gerald.hutchins.91@shopmykart.store,"Consumer Survey",,"01-06-2021 00:55"
16943,89,44,545,gerald.hutchins.91@shopmykart.store,"Consumer Survey",,"01-06-2021 01:20"
16947,89,44,545,gerald.hutchins.91@shopmykart.store,"Consumer Survey",,"01-06-2021 01:45"
16953,89,44,545,gerald.hutchins.91@shopmykart.store,"Consumer Survey",,"01-06-2021 02:10"
16958,89,44,545,gerald.hutchins.91@shopmykart.store,"Consumer Survey",,"01-06-2021 02:35"
16962,89,44,545,gerald.hutchins.91@shopmykart.store,"Consumer Survey",,"01-06-2021 03:00"
16968,89,44,545,gerald.hutchins.91@shopmykart.store,"Consumer Survey",,"01-06-2021 03:25"
16973,89,44,545,gerald.hutchins.91@shopmykart.store,"Consumer Survey",,"01-06-2021 04:00"
16980,89,44,545,gerald.hutchins.91@shopmykart.store,"Consumer Survey",,"01-06-2021 04:25"
16984,89,44,545,gerald.hutchins.91@shopmykart.store,"Consumer Survey",,"01-06-2021 04:50"
16994,89,44,545,gerald.hutchins.91@shopmykart.store,"Consumer Survey",,"01-06-2021 05:30"
16999,89,44,545,gerald.hutchins.91@shopmykart.store,"Consumer Survey",,"01-06-2021 05:55"
17004,89,44,545,gerald.hutchins.91@shopmykart.store,"Consumer Survey",,"01-06-2021 06:20"
17007,89,66,545,gerald.hutchins.91@shopmykart.store,"Consumer Survey",,"01-06-2021 06:40"
17008,89,66,545,gerald.hutchins.91@shopmykart.store,"Consumer Survey",,"01-06-2021 06:40"
17009,89,66,545,gerald.hutchins.91@shopmykart.store,"Consumer Survey",,"01-06-2021 06:40"
17010,89,66,545,gerald.hutchins.91@shopmykart.store,"Consumer Survey",,"01-06-2021 06:40"
17011,89,44,545,gerald.hutchins.91@shopmykart.store,"Consumer Survey",,"01-06-2021 06:45"
17014,89,66,545,gerald.hutchins.91@shopmykart.store,"Consumer Survey",,"01-06-2021 06:55"
17016,89,44,545,gerald.hutchins.91@shopmykart.store,"Consumer Survey",,"01-06-2021 07:10"
17019,89,44,545,gerald.hutchins.91@shopmykart.store,"Consumer Survey",,"01-06-2021 07:35"
17026,89,44,545,gerald.hutchins.91@shopmykart.store,"Consumer Survey",,"01-06-2021 08:00"
17027,89,66,545,gerald.hutchins.91@shopmykart.store,"Consumer Survey",,"01-06-2021 08:10"
17028,89,66,545,gerald.hutchins.91@shopmykart.store,"Consumer Survey",,"01-06-2021 08:10"
17029,89,66,545,gerald.hutchins.91@shopmykart.store,"Consumer Survey",,"01-06-2021 08:15"
17030,89,66,545,gerald.hutchins.91@shopmykart.store,"Consumer Survey",,"01-06-2021 08:15"
17031,89,44,545,gerald.hutchins.91@shopmykart.store,"Consumer Survey",,"01-06-2021 08:25"
17032,89,66,545,gerald.hutchins.91@shopmykart.store,"Consumer Survey",,"01-06-2021 08:35"
17033,89,66,545,gerald.hutchins.91@shopmykart.store,"Consumer Survey",,"01-06-2021 08:35"
17034,89,66,545,gerald.hutchins.91@shopmykart.store,"Consumer Survey",,"01-06-2021 08:35"
17035,89,66,545,gerald.hutchins.91@shopmykart.store,"Consumer Survey",,"01-06-2021 08:35"
17036,89,66,545,gerald.hutchins.91@shopmykart.store,"Consumer Survey",,"01-06-2021 08:35"
17037,89,66,545,gerald.hutchins.91@shopmykart.store,"Consumer Survey",,"01-06-2021 08:35"
17038,89,66,545,gerald.hutchins.91@shopmykart.store,"Consumer Survey",,"01-06-2021 08:35"
17039,89,66,545,gerald.hutchins.91@shopmykart.store,"Consumer Survey",,"01-06-2021 08:35"
17040,89,66,545,gerald.hutchins.91@shopmykart.store,"Consumer Survey",,"01-06-2021 08:35"
17041,89,66,545,gerald.hutchins.91@shopmykart.store,"Consumer Survey",,"01-06-2021 08:35"
17042,89,66,545,gerald.hutchins.91@shopmykart.store,"Consumer Survey",,"01-06-2021 08:40"
17043,89,66,545,gerald.hutchins.91@shopmykart.store,"Consumer Survey",,"01-06-2021 08:40"
17044,89,44,545,gerald.hutchins.91@shopmykart.store,"Consumer Survey",,"01-06-2021 08:50"
17045,89,66,545,gerald.hutchins.91@shopmykart.store,"Consumer Survey",,"01-06-2021 09:00"
17046,89,66,545,gerald.hutchins.91@shopmykart.store,"Consumer Survey",,"01-06-2021 09:00"
17047,89,66,545,gerald.hutchins.91@shopmykart.store,"Consumer Survey",,"01-06-2021 09:00"
17048,89,66,545,gerald.hutchins.91@shopmykart.store,"Consumer Survey",,"01-06-2021 09:00"
17049,89,66,545,gerald.hutchins.91@shopmykart.store,"Consumer Survey",,"01-06-2021 09:00"
17050,89,66,545,gerald.hutchins.91@shopmykart.store,"Consumer Survey",,"01-06-2021 09:00"
17051,89,66,545,gerald.hutchins.91@shopmykart.store,"Consumer Survey",,"01-06-2021 09:00"
17052,89,66,545,gerald.hutchins.91@shopmykart.store,"Consumer Survey",,"01-06-2021 09:00"
17053,89,66,545,gerald.hutchins.91@shopmykart.store,"Consumer Survey",,"01-06-2021 09:00"
17054,89,66,545,gerald.hutchins.91@shopmykart.store,"Consumer Survey",,"01-06-2021 09:00"
17055,89,66,545,gerald.hutchins.91@shopmykart.store,"Consumer Survey",,"01-06-2021 09:05"
17056,89,66,545,gerald.hutchins.91@shopmykart.store,"Consumer Survey",,"01-06-2021 09:05"
17057,89,44,545,gerald.hutchins.91@shopmykart.store,"Consumer Survey",,"01-06-2021 09:15"
17058,89,66,545,gerald.hutchins.91@shopmykart.store,"Consumer Survey",,"01-06-2021 09:30"
17059,89,66,545,gerald.hutchins.91@shopmykart.store,"Consumer Survey",,"01-06-2021 09:30"
17060,89,66,545,gerald.hutchins.91@shopmykart.store,"Consumer Survey",,"01-06-2021 09:30"
17061,89,66,545,gerald.hutchins.91@shopmykart.store,"Consumer Survey",,"01-06-2021 09:30"
17062,89,66,545,gerald.hutchins.91@shopmykart.store,"Consumer Survey",,"01-06-2021 09:30"
17063,89,66,545,gerald.hutchins.91@shopmykart.store,"Consumer Survey",,"01-06-2021 09:30"
17064,89,66,545,gerald.hutchins.91@shopmykart.store,"Consumer Survey",,"01-06-2021 09:30"
17065,89,66,545,gerald.hutchins.91@shopmykart.store,"Consumer Survey",,"01-06-2021 09:30"
17066,89,66,545,gerald.hutchins.91@shopmykart.store,"Consumer Survey",,"01-06-2021 09:30"
17067,89,66,545,gerald.hutchins.91@shopmykart.store,"Consumer Survey",,"01-06-2021 09:30"
17068,89,66,545,gerald.hutchins.91@shopmykart.store,"Consumer Survey",,"01-06-2021 09:30"
17069,89,66,545,gerald.hutchins.91@shopmykart.store,"Consumer Survey",,"01-06-2021 09:30"
17070,89,66,545,gerald.hutchins.91@shopmykart.store,"Consumer Survey",,"01-06-2021 09:30"
17071,89,66,545,gerald.hutchins.91@shopmykart.store,"Consumer Survey",,"01-06-2021 09:30"
17072,89,66,545,gerald.hutchins.91@shopmykart.store,"Consumer Survey",,"01-06-2021 09:30"
17073,89,66,545,gerald.hutchins.91@shopmykart.store,"Consumer Survey",,"01-06-2021 09:30"
17074,89,66,545,gerald.hutchins.91@shopmykart.store,"Consumer Survey",,"01-06-2021 09:30"
17075,89,66,545,gerald.hutchins.91@shopmykart.store,"Consumer Survey",,"01-06-2021 09:30"
17076,89,66,545,gerald.hutchins.91@shopmykart.store,"Consumer Survey",,"01-06-2021 09:30"
17077,89,66,545,gerald.hutchins.91@shopmykart.store,"Consumer Survey",,"01-06-2021 09:35"
17078,89,66,545,gerald.hutchins.91@shopmykart.store,"Consumer Survey",,"01-06-2021 09:35"
17079,89,66,545,gerald.hutchins.91@shopmykart.store,"Consumer Survey",,"01-06-2021 09:35"
17080,89,44,545,gerald.hutchins.91@shopmykart.store,"Consumer Survey",,"01-06-2021 09:40"
17081,89,66,545,gerald.hutchins.91@shopmykart.store,"Consumer Survey",,"01-06-2021 09:50"
17082,89,66,545,gerald.hutchins.91@shopmykart.store,"Consumer Survey",,"01-06-2021 09:55"
17083,89,44,545,gerald.hutchins.91@shopmykart.store,"Consumer Survey",,"01-06-2021 10:05"
17084,89,66,545,gerald.hutchins.91@shopmykart.store,"Consumer Survey",,"01-06-2021 10:15"
17085,89,66,545,gerald.hutchins.91@shopmykart.store,"Consumer Survey",,"01-06-2021 10:15"
17086,89,66,545,gerald.hutchins.91@shopmykart.store,"Consumer Survey",,"01-06-2021 10:20"
17087,89,44,545,gerald.hutchins.91@shopmykart.store,"Consumer Survey",,"01-06-2021 10:30"
17088,89,66,545,gerald.hutchins.91@shopmykart.store,"Consumer Survey",,"01-06-2021 10:40"
17089,89,66,545,gerald.hutchins.91@shopmykart.store,"Consumer Survey",,"01-06-2021 10:40"
17090,89,66,545,gerald.hutchins.91@shopmykart.store,"Consumer Survey",,"01-06-2021 10:45"
17091,89,66,545,gerald.hutchins.91@shopmykart.store,"Consumer Survey",,"01-06-2021 10:50"
17092,89,66,545,gerald.hutchins.91@shopmykart.store,"Consumer Survey",,"01-06-2021 10:50"
17093,89,66,545,gerald.hutchins.91@shopmykart.store,"Consumer Survey",,"01-06-2021 10:50"
17094,89,66,545,gerald.hutchins.91@shopmykart.store,"Consumer Survey",,"01-06-2021 10:50"
17095,89,66,545,gerald.hutchins.91@shopmykart.store,"Consumer Survey",,"01-06-2021 10:50"
17096,89,66,545,gerald.hutchins.91@shopmykart.store,"Consumer Survey",,"01-06-2021 10:50"
17097,89,66,545,gerald.hutchins.91@shopmykart.store,"Consumer Survey",,"01-06-2021 10:50"
17098,89,66,545,gerald.hutchins.91@shopmykart.store,"Consumer Survey",,"01-06-2021 10:50"
17099,89,66,545,gerald.hutchins.91@shopmykart.store,"Consumer Survey",,"01-06-2021 10:50"
17100,89,66,545,gerald.hutchins.91@shopmykart.store,"Consumer Survey",,"01-06-2021 10:50"
17101,89,44,545,gerald.hutchins.91@shopmykart.store,"Consumer Survey",,"01-06-2021 10:55"
17102,89,66,545,gerald.hutchins.91@shopmykart.store,"Consumer Survey",,"01-06-2021 11:05"
17103,89,66,545,gerald.hutchins.91@shopmykart.store,"Consumer Survey",,"01-06-2021 11:05"
17109,89,66,545,gerald.hutchins.91@shopmykart.store,"Consumer Survey",,"01-06-2021 11:10"
17137,89,44,545,gerald.hutchins.91@shopmykart.store,"Consumer Survey",,"01-06-2021 11:20"
17171,89,66,545,gerald.hutchins.91@shopmykart.store,"Consumer Survey",,"01-06-2021 11:30"
17172,89,66,545,gerald.hutchins.91@shopmykart.store,"Consumer Survey",,"01-06-2021 11:30"
17190,89,66,545,gerald.hutchins.91@shopmykart.store,"Consumer Survey",,"01-06-2021 11:35"
17233,89,66,545,gerald.hutchins.91@shopmykart.store,"Consumer Survey",,"01-06-2021 11:55"
17234,89,66,545,gerald.hutchins.91@shopmykart.store,"Consumer Survey",,"01-06-2021 11:55"
17249,89,66,545,gerald.hutchins.91@shopmykart.store,"Consumer Survey",,"01-06-2021 12:00"
17293,89,44,545,gerald.hutchins.91@shopmykart.store,"Consumer Survey",,"01-06-2021 12:15"
17294,89,66,545,gerald.hutchins.91@shopmykart.store,"Consumer Survey",,"01-06-2021 12:20"
17297,89,66,545,gerald.hutchins.91@shopmykart.store,"Consumer Survey",,"01-06-2021 12:25"
17320,89,44,545,gerald.hutchins.91@shopmykart.store,"Consumer Survey",,"01-06-2021 12:40"
17321,89,66,545,gerald.hutchins.91@shopmykart.store,"Consumer Survey",,"01-06-2021 12:45"
17324,89,66,545,gerald.hutchins.91@shopmykart.store,"Consumer Survey",,"01-06-2021 12:50"
17345,89,44,545,gerald.hutchins.91@shopmykart.store,"Consumer Survey",,"01-06-2021 13:05"
17346,89,66,545,gerald.hutchins.91@shopmykart.store,"Consumer Survey",,"01-06-2021 13:10"
17365,89,66,545,gerald.hutchins.91@shopmykart.store,"Consumer Survey",,"01-06-2021 13:15"
17386,89,44,545,gerald.hutchins.91@shopmykart.store,"Consumer Survey",,"01-06-2021 13:30"
17387,89,66,545,gerald.hutchins.91@shopmykart.store,"Consumer Survey",,"01-06-2021 13:35"
17388,89,66,545,gerald.hutchins.91@shopmykart.store,"Consumer Survey",,"01-06-2021 13:35"
17389,89,66,545,gerald.hutchins.91@shopmykart.store,"Consumer Survey",,"01-06-2021 13:35"
17390,89,66,545,gerald.hutchins.91@shopmykart.store,"Consumer Survey",,"01-06-2021 13:35"
17391,89,66,545,gerald.hutchins.91@shopmykart.store,"Consumer Survey",,"01-06-2021 13:35"
17392,89,66,545,gerald.hutchins.91@shopmykart.store,"Consumer Survey",,"01-06-2021 13:35"
17393,89,66,545,gerald.hutchins.91@shopmykart.store,"Consumer Survey",,"01-06-2021 13:35"
17394,89,66,545,gerald.hutchins.91@shopmykart.store,"Consumer Survey",,"01-06-2021 13:35"
17395,89,66,545,gerald.hutchins.91@shopmykart.store,"Consumer Survey",,"01-06-2021 13:35"
17396,89,66,545,gerald.hutchins.91@shopmykart.store,"Consumer Survey",,"01-06-2021 13:35"
17397,89,66,545,gerald.hutchins.91@shopmykart.store,"Consumer Survey",,"01-06-2021 13:35"
17398,89,66,545,gerald.hutchins.91@shopmykart.store,"Consumer Survey",,"01-06-2021 13:40"
17419,89,44,545,gerald.hutchins.91@shopmykart.store,"Consumer Survey",,"01-06-2021 13:55"
17420,89,66,545,gerald.hutchins.91@shopmykart.store,"Consumer Survey",,"01-06-2021 13:55"
17421,89,66,545,gerald.hutchins.91@shopmykart.store,"Consumer Survey",,"01-06-2021 13:55"
17422,89,66,545,gerald.hutchins.91@shopmykart.store,"Consumer Survey",,"01-06-2021 13:55"
17423,89,66,545,gerald.hutchins.91@shopmykart.store,"Consumer Survey",,"01-06-2021 13:55"
17424,89,66,545,gerald.hutchins.91@shopmykart.store,"Consumer Survey",,"01-06-2021 13:55"
17425,89,66,545,gerald.hutchins.91@shopmykart.store,"Consumer Survey",,"01-06-2021 14:00"
17428,89,66,545,gerald.hutchins.91@shopmykart.store,"Consumer Survey",,"01-06-2021 14:05"
17448,89,66,545,gerald.hutchins.91@shopmykart.store,"Consumer Survey",,"01-06-2021 14:10"
17449,89,66,545,gerald.hutchins.91@shopmykart.store,"Consumer Survey",,"01-06-2021 14:10"
17450,89,66,545,gerald.hutchins.91@shopmykart.store,"Consumer Survey",,"01-06-2021 14:10"
17451,89,66,545,gerald.hutchins.91@shopmykart.store,"Consumer Survey",,"01-06-2021 14:10"
17452,89,66,545,gerald.hutchins.91@shopmykart.store,"Consumer Survey",,"01-06-2021 14:10"
17454,89,44,545,gerald.hutchins.91@shopmykart.store,"Consumer Survey",,"01-06-2021 14:20"
17455,89,66,545,gerald.hutchins.91@shopmykart.store,"Consumer Survey",,"01-06-2021 14:25"
17475,89,66,545,gerald.hutchins.91@shopmykart.store,"Consumer Survey",,"01-06-2021 14:30"
17477,89,66,545,gerald.hutchins.91@shopmykart.store,"Consumer Survey",,"01-06-2021 14:40"
17478,89,66,545,gerald.hutchins.91@shopmykart.store,"Consumer Survey",,"01-06-2021 14:40"
17479,89,66,545,gerald.hutchins.91@shopmykart.store,"Consumer Survey",,"01-06-2021 14:40"
17480,89,66,545,gerald.hutchins.91@shopmykart.store,"Consumer Survey",,"01-06-2021 14:40"
17481,89,66,545,gerald.hutchins.91@shopmykart.store,"Consumer Survey",,"01-06-2021 14:40"
17501,89,44,545,gerald.hutchins.91@shopmykart.store,"Consumer Survey",,"01-06-2021 14:45"
17502,89,66,545,gerald.hutchins.91@shopmykart.store,"Consumer Survey",,"01-06-2021 14:50"
17503,89,66,545,gerald.hutchins.91@shopmykart.store,"Consumer Survey",,"01-06-2021 14:55"
17524,89,44,545,gerald.hutchins.91@shopmykart.store,"Consumer Survey",,"01-06-2021 15:10"
17525,89,66,545,gerald.hutchins.91@shopmykart.store,"Consumer Survey",,"01-06-2021 15:10"
17526,89,66,545,gerald.hutchins.91@shopmykart.store,"Consumer Survey",,"01-06-2021 15:10"
17527,89,66,545,gerald.hutchins.91@shopmykart.store,"Consumer Survey",,"01-06-2021 15:10"
17528,89,66,545,gerald.hutchins.91@shopmykart.store,"Consumer Survey",,"01-06-2021 15:10"
17529,89,66,545,gerald.hutchins.91@shopmykart.store,"Consumer Survey",,"01-06-2021 15:10"
17530,89,66,545,gerald.hutchins.91@shopmykart.store,"Consumer Survey",,"01-06-2021 15:15"
17532,89,66,545,gerald.hutchins.91@shopmykart.store,"Consumer Survey",,"01-06-2021 15:20"
17553,89,44,545,gerald.hutchins.91@shopmykart.store,"Consumer Survey",,"01-06-2021 15:35"
17554,89,66,545,gerald.hutchins.91@shopmykart.store,"Consumer Survey",,"01-06-2021 15:40"
17574,89,66,545,gerald.hutchins.91@shopmykart.store,"Consumer Survey",,"01-06-2021 15:40"
17575,89,66,545,gerald.hutchins.91@shopmykart.store,"Consumer Survey",,"01-06-2021 15:40"
17576,89,66,545,gerald.hutchins.91@shopmykart.store,"Consumer Survey",,"01-06-2021 15:40"
17577,89,66,545,gerald.hutchins.91@shopmykart.store,"Consumer Survey",,"01-06-2021 15:40"
17578,89,66,545,gerald.hutchins.91@shopmykart.store,"Consumer Survey",,"01-06-2021 15:40"
17579,89,66,545,gerald.hutchins.91@shopmykart.store,"Consumer Survey",,"01-06-2021 15:45"
17600,89,66,545,gerald.hutchins.91@shopmykart.store,"Consumer Survey",,"01-06-2021 16:05"
17601,89,66,545,gerald.hutchins.91@shopmykart.store,"Consumer Survey",,"01-06-2021 16:10"
17622,89,66,545,gerald.hutchins.91@shopmykart.store,"Consumer Survey",,"01-06-2021 16:30"
17624,89,66,545,gerald.hutchins.91@shopmykart.store,"Consumer Survey",,"01-06-2021 16:35"
17645,89,66,545,gerald.hutchins.91@shopmykart.store,"Consumer Survey",,"01-06-2021 16:55"
17665,89,66,545,gerald.hutchins.91@shopmykart.store,"Consumer Survey",,"01-06-2021 17:00"
17686,89,66,545,gerald.hutchins.91@shopmykart.store,"Consumer Survey",,"01-06-2021 17:20"
17687,89,66,545,gerald.hutchins.91@shopmykart.store,"Consumer Survey",,"01-06-2021 17:25"
17708,89,66,545,gerald.hutchins.91@shopmykart.store,"Consumer Survey",,"01-06-2021 17:45"
17710,89,66,545,gerald.hutchins.91@shopmykart.store,"Consumer Survey",,"01-06-2021 17:50"
17731,89,66,545,gerald.hutchins.91@shopmykart.store,"Consumer Survey",,"01-06-2021 18:10"
17751,89,66,545,gerald.hutchins.91@shopmykart.store,"Consumer Survey",,"01-06-2021 18:15"
17839,89,44,545,gerald.hutchins.91@shopmykart.store,"Consumer Survey",,"02-06-2021 03:30"
17840,89,44,545,gerald.hutchins.91@shopmykart.store,"Consumer Survey",,"02-06-2021 03:30"
17841,89,44,545,gerald.hutchins.91@shopmykart.store,"Consumer Survey",,"02-06-2021 03:55"
17842,89,44,545,gerald.hutchins.91@shopmykart.store,"Consumer Survey",,"02-06-2021 03:55"
17843,89,44,545,gerald.hutchins.91@shopmykart.store,"Consumer Survey",,"02-06-2021 04:20"
17844,89,44,545,gerald.hutchins.91@shopmykart.store,"Consumer Survey",,"02-06-2021 04:20"
17845,89,44,545,gerald.hutchins.91@shopmykart.store,"Consumer Survey",,"02-06-2021 05:00"
17846,89,44,545,gerald.hutchins.91@shopmykart.store,"Consumer Survey",,"02-06-2021 05:00"
17847,89,44,545,gerald.hutchins.91@shopmykart.store,"Consumer Survey",,"02-06-2021 05:15"
17848,89,44,545,gerald.hutchins.91@shopmykart.store,"Consumer Survey",,"02-06-2021 05:15"
17852,89,44,545,gerald.hutchins.91@shopmykart.store,"Consumer Survey",,"02-06-2021 05:40"
17853,89,44,545,gerald.hutchins.91@shopmykart.store,"Consumer Survey",,"02-06-2021 05:40"
17855,89,44,545,gerald.hutchins.91@shopmykart.store,"Consumer Survey",,"02-06-2021 05:50"
17856,89,44,545,gerald.hutchins.91@shopmykart.store,"Consumer Survey",,"02-06-2021 05:50"
17860,89,44,545,gerald.hutchins.91@shopmykart.store,"Consumer Survey",,"02-06-2021 06:15"
17861,89,44,545,gerald.hutchins.91@shopmykart.store,"Consumer Survey",,"02-06-2021 06:15"
17862,89,66,545,gerald.hutchins.91@shopmykart.store,"Consumer Survey",,"02-06-2021 06:25"
17863,89,66,545,gerald.hutchins.91@shopmykart.store,"Consumer Survey",,"02-06-2021 06:25"
17864,89,66,545,gerald.hutchins.91@shopmykart.store,"Consumer Survey",,"02-06-2021 06:25"
17865,89,66,545,gerald.hutchins.91@shopmykart.store,"Consumer Survey",,"02-06-2021 06:25"
17866,89,66,545,gerald.hutchins.91@shopmykart.store,"Consumer Survey",,"02-06-2021 06:25"
17867,89,44,545,gerald.hutchins.91@shopmykart.store,"Consumer Survey",,"02-06-2021 06:40"
17868,89,44,545,gerald.hutchins.91@shopmykart.store,"Consumer Survey",,"02-06-2021 06:40"
17869,89,66,545,gerald.hutchins.91@shopmykart.store,"Consumer Survey",,"02-06-2021 07:05"
17870,89,66,545,gerald.hutchins.91@shopmykart.store,"Consumer Survey",,"02-06-2021 07:05"
17871,89,66,545,gerald.hutchins.91@shopmykart.store,"Consumer Survey",,"02-06-2021 07:05"
17872,89,66,545,gerald.hutchins.91@shopmykart.store,"Consumer Survey",,"02-06-2021 07:05"
17873,89,66,545,gerald.hutchins.91@shopmykart.store,"Consumer Survey",,"02-06-2021 07:05"
17874,89,44,545,gerald.hutchins.91@shopmykart.store,"Consumer Survey",,"02-06-2021 07:15"
17875,89,44,545,gerald.hutchins.91@shopmykart.store,"Consumer Survey",,"02-06-2021 07:15"
17876,89,66,545,gerald.hutchins.91@shopmykart.store,"Consumer Survey",,"02-06-2021 07:30"
17877,89,66,545,gerald.hutchins.91@shopmykart.store,"Consumer Survey",,"02-06-2021 07:30"
17878,89,66,545,gerald.hutchins.91@shopmykart.store,"Consumer Survey",,"02-06-2021 07:30"
17879,89,66,545,gerald.hutchins.91@shopmykart.store,"Consumer Survey",,"02-06-2021 07:30"
17880,89,66,545,gerald.hutchins.91@shopmykart.store,"Consumer Survey",,"02-06-2021 07:30"
17881,89,44,545,gerald.hutchins.91@shopmykart.store,"Consumer Survey",,"02-06-2021 07:40"
17882,89,44,545,gerald.hutchins.91@shopmykart.store,"Consumer Survey",,"02-06-2021 07:40"
17883,89,66,545,gerald.hutchins.91@shopmykart.store,"Consumer Survey",,"02-06-2021 07:55"
17884,89,66,545,gerald.hutchins.91@shopmykart.store,"Consumer Survey",,"02-06-2021 07:55"
17885,89,66,545,gerald.hutchins.91@shopmykart.store,"Consumer Survey",,"02-06-2021 07:55"
17886,89,66,545,gerald.hutchins.91@shopmykart.store,"Consumer Survey",,"02-06-2021 07:55"
17887,89,66,545,gerald.hutchins.91@shopmykart.store,"Consumer Survey",,"02-06-2021 07:55"
17888,89,44,545,gerald.hutchins.91@shopmykart.store,"Consumer Survey",,"02-06-2021 08:05"
17889,89,44,545,gerald.hutchins.91@shopmykart.store,"Consumer Survey",,"02-06-2021 08:05"
17890,89,66,545,gerald.hutchins.91@shopmykart.store,"Consumer Survey",,"02-06-2021 08:25"
17891,89,66,545,gerald.hutchins.91@shopmykart.store,"Consumer Survey",,"02-06-2021 08:25"
17892,89,66,545,gerald.hutchins.91@shopmykart.store,"Consumer Survey",,"02-06-2021 08:25"
17893,89,66,545,gerald.hutchins.91@shopmykart.store,"Consumer Survey",,"02-06-2021 08:25"
17894,89,44,545,gerald.hutchins.91@shopmykart.store,"Consumer Survey",,"02-06-2021 08:30"
17895,89,44,545,gerald.hutchins.91@shopmykart.store,"Consumer Survey",,"02-06-2021 08:30"
17896,89,66,545,gerald.hutchins.91@shopmykart.store,"Consumer Survey",,"02-06-2021 08:50"
17897,89,66,545,gerald.hutchins.91@shopmykart.store,"Consumer Survey",,"02-06-2021 08:50"
17898,89,66,545,gerald.hutchins.91@shopmykart.store,"Consumer Survey",,"02-06-2021 08:50"
17899,89,66,545,gerald.hutchins.91@shopmykart.store,"Consumer Survey",,"02-06-2021 08:50"
17900,89,44,545,gerald.hutchins.91@shopmykart.store,"Consumer Survey",,"02-06-2021 08:55"
17901,89,44,545,gerald.hutchins.91@shopmykart.store,"Consumer Survey",,"02-06-2021 08:55"
17902,89,44,545,gerald.hutchins.91@shopmykart.store,"Consumer Survey",,"02-06-2021 09:30"
17903,89,44,545,gerald.hutchins.91@shopmykart.store,"Consumer Survey",,"02-06-2021 09:30"
17904,89,66,545,gerald.hutchins.91@shopmykart.store,"Consumer Survey",,"02-06-2021 09:45"
17905,89,66,545,gerald.hutchins.91@shopmykart.store,"Consumer Survey",,"02-06-2021 09:45"
17906,89,66,545,gerald.hutchins.91@shopmykart.store,"Consumer Survey",,"02-06-2021 09:45"
17907,89,66,545,gerald.hutchins.91@shopmykart.store,"Consumer Survey",,"02-06-2021 09:45"
17908,89,66,545,gerald.hutchins.91@shopmykart.store,"Consumer Survey",,"02-06-2021 09:45"
17909,89,66,545,gerald.hutchins.91@shopmykart.store,"Consumer Survey",,"02-06-2021 09:50"
17910,89,66,545,gerald.hutchins.91@shopmykart.store,"Consumer Survey",,"02-06-2021 09:50"
17911,89,44,545,gerald.hutchins.91@shopmykart.store,"Consumer Survey",,"02-06-2021 09:55"
17912,89,44,545,gerald.hutchins.91@shopmykart.store,"Consumer Survey",,"02-06-2021 09:55"
17913,89,66,545,gerald.hutchins.91@shopmykart.store,"Consumer Survey",,"02-06-2021 10:00"
17914,89,66,545,gerald.hutchins.91@shopmykart.store,"Consumer Survey",,"02-06-2021 10:00"
17915,89,66,545,gerald.hutchins.91@shopmykart.store,"Consumer Survey",,"02-06-2021 10:15"
17916,89,66,545,gerald.hutchins.91@shopmykart.store,"Consumer Survey",,"02-06-2021 10:15"
17917,89,66,545,gerald.hutchins.91@shopmykart.store,"Consumer Survey",,"02-06-2021 10:15"
17918,89,66,545,gerald.hutchins.91@shopmykart.store,"Consumer Survey",,"02-06-2021 10:15"
17919,89,44,545,gerald.hutchins.91@shopmykart.store,"Consumer Survey",,"02-06-2021 10:20"
17920,89,44,545,gerald.hutchins.91@shopmykart.store,"Consumer Survey",,"02-06-2021 10:20"
17921,89,66,545,gerald.hutchins.91@shopmykart.store,"Consumer Survey",,"02-06-2021 10:25"
17922,89,66,545,gerald.hutchins.91@shopmykart.store,"Consumer Survey",,"02-06-2021 10:25"
17923,89,66,545,gerald.hutchins.91@shopmykart.store,"Consumer Survey",,"02-06-2021 10:25"
17924,89,66,545,gerald.hutchins.91@shopmykart.store,"Consumer Survey",,"02-06-2021 10:25"
17925,89,66,545,gerald.hutchins.91@shopmykart.store,"Consumer Survey",,"02-06-2021 10:30"
17926,89,66,545,gerald.hutchins.91@shopmykart.store,"Consumer Survey",,"02-06-2021 10:30"
17927,89,66,545,gerald.hutchins.91@shopmykart.store,"Consumer Survey",,"02-06-2021 10:35"
17928,89,66,545,gerald.hutchins.91@shopmykart.store,"Consumer Survey",,"02-06-2021 10:35"
17929,89,66,545,gerald.hutchins.91@shopmykart.store,"Consumer Survey",,"02-06-2021 10:40"
17930,89,66,545,gerald.hutchins.91@shopmykart.store,"Consumer Survey",,"02-06-2021 10:40"
17931,89,44,545,gerald.hutchins.91@shopmykart.store,"Consumer Survey",,"02-06-2021 10:45"
17932,89,44,545,gerald.hutchins.91@shopmykart.store,"Consumer Survey",,"02-06-2021 10:45"
17933,89,66,545,gerald.hutchins.91@shopmykart.store,"Consumer Survey",,"02-06-2021 10:45"
17934,89,66,545,gerald.hutchins.91@shopmykart.store,"Consumer Survey",,"02-06-2021 10:45"
17935,89,66,545,gerald.hutchins.91@shopmykart.store,"Consumer Survey",,"02-06-2021 10:50"
17936,89,66,545,gerald.hutchins.91@shopmykart.store,"Consumer Survey",,"02-06-2021 10:50"
17937,89,66,545,gerald.hutchins.91@shopmykart.store,"Consumer Survey",,"02-06-2021 10:55"
17938,89,66,545,gerald.hutchins.91@shopmykart.store,"Consumer Survey",,"02-06-2021 10:55"
17939,89,66,545,gerald.hutchins.91@shopmykart.store,"Consumer Survey",,"02-06-2021 11:00"
17940,89,66,545,gerald.hutchins.91@shopmykart.store,"Consumer Survey",,"02-06-2021 11:00"
17941,89,44,545,gerald.hutchins.91@shopmykart.store,"Consumer Survey",,"02-06-2021 11:10"
17942,89,44,545,gerald.hutchins.91@shopmykart.store,"Consumer Survey",,"02-06-2021 11:10"
17943,89,66,545,gerald.hutchins.91@shopmykart.store,"Consumer Survey",,"02-06-2021 11:10"
17944,89,66,545,gerald.hutchins.91@shopmykart.store,"Consumer Survey",,"02-06-2021 11:10"
17945,89,66,545,gerald.hutchins.91@shopmykart.store,"Consumer Survey",,"02-06-2021 11:15"
17946,89,66,545,gerald.hutchins.91@shopmykart.store,"Consumer Survey",,"02-06-2021 11:15"
17947,89,66,545,gerald.hutchins.91@shopmykart.store,"Consumer Survey",,"02-06-2021 11:20"
17948,89,66,545,gerald.hutchins.91@shopmykart.store,"Consumer Survey",,"02-06-2021 11:20"
17949,89,66,545,gerald.hutchins.91@shopmykart.store,"Consumer Survey",,"02-06-2021 11:25"
17950,89,66,545,gerald.hutchins.91@shopmykart.store,"Consumer Survey",,"02-06-2021 11:25"
17951,89,66,545,gerald.hutchins.91@shopmykart.store,"Consumer Survey",,"02-06-2021 11:35"
17952,89,66,545,gerald.hutchins.91@shopmykart.store,"Consumer Survey",,"02-06-2021 11:35"
17953,89,66,545,gerald.hutchins.91@shopmykart.store,"Consumer Survey",,"02-06-2021 11:40"
17954,89,66,545,gerald.hutchins.91@shopmykart.store,"Consumer Survey",,"02-06-2021 11:40"
17955,89,66,545,gerald.hutchins.91@shopmykart.store,"Consumer Survey",,"02-06-2021 12:05"
17956,89,66,545,gerald.hutchins.91@shopmykart.store,"Consumer Survey",,"02-06-2021 12:05"
36299,89,66,550,cindy.garcia83@shopmykart.store,"Consumer Survey",,"27-07-2021 04:30"
36300,89,66,550,cindy.garcia83@shopmykart.store,"Consumer Survey",,"27-07-2021 04:30"
36301,89,66,550,cindy.garcia83@shopmykart.store,"Consumer Survey",,"27-07-2021 04:30"
36302,89,66,550,cindy.garcia83@shopmykart.store,"Consumer Survey",,"27-07-2021 04:30"
36303,89,66,550,cindy.garcia83@shopmykart.store,"Consumer Survey",,"27-07-2021 04:30"
36304,89,66,550,cindy.garcia83@shopmykart.store,"Consumer Survey",,"27-07-2021 04:55"
36305,89,66,550,cindy.garcia83@shopmykart.store,"Consumer Survey",,"27-07-2021 04:55"
36306,89,66,550,cindy.garcia83@shopmykart.store,"Consumer Survey",,"27-07-2021 04:55"
36307,89,66,550,cindy.garcia83@shopmykart.store,"Consumer Survey",,"27-07-2021 04:55"
36308,89,66,550,cindy.garcia83@shopmykart.store,"Consumer Survey",,"27-07-2021 04:55"
36309,89,66,550,cindy.garcia83@shopmykart.store,"Consumer Survey",,"27-07-2021 05:20"
36310,89,66,550,cindy.garcia83@shopmykart.store,"Consumer Survey",,"27-07-2021 05:20"
36311,89,66,550,cindy.garcia83@shopmykart.store,"Consumer Survey",,"27-07-2021 05:20"
36312,89,66,550,cindy.garcia83@shopmykart.store,"Consumer Survey",,"27-07-2021 05:20"
36313,89,66,550,cindy.garcia83@shopmykart.store,"Consumer Survey",,"27-07-2021 05:20"
36314,89,66,550,cindy.garcia83@shopmykart.store,"Consumer Survey",,"27-07-2021 05:45"
36315,89,66,550,cindy.garcia83@shopmykart.store,"Consumer Survey",,"27-07-2021 05:45"
36316,89,66,550,cindy.garcia83@shopmykart.store,"Consumer Survey",,"27-07-2021 05:45"
36317,89,66,550,cindy.garcia83@shopmykart.store,"Consumer Survey",,"27-07-2021 05:45"
36318,89,66,550,cindy.garcia83@shopmykart.store,"Consumer Survey",,"27-07-2021 05:45"
36319,89,66,553,carissa4.bautista@shopmykart.store,"Costco Shopper Feedback",,"27-07-2021 07:30"
36320,89,66,553,carissa4.bautista@shopmykart.store,"Costco Shopper Feedback",,"27-07-2021 07:30"
36321,89,66,553,carissa4.bautista@shopmykart.store,"Costco Shopper Feedback",,"27-07-2021 07:30"
36322,89,66,553,carissa4.bautista@shopmykart.store,"Costco Shopper Feedback",,"27-07-2021 07:30"
36323,89,66,553,carissa4.bautista@shopmykart.store,"Costco Shopper Feedback",,"27-07-2021 07:30"
36324,89,66,553,carissa4.bautista@shopmykart.store,"Costco Shopper Feedback",,"27-07-2021 07:55"
36325,89,66,553,carissa4.bautista@shopmykart.store,"Costco Shopper Feedback",,"27-07-2021 07:55"
36326,89,66,553,carissa4.bautista@shopmykart.store,"Costco Shopper Feedback",,"27-07-2021 07:55"
36327,89,66,553,carissa4.bautista@shopmykart.store,"Costco Shopper Feedback",,"27-07-2021 07:55"
36328,89,66,553,carissa4.bautista@shopmykart.store,"Costco Shopper Feedback",,"27-07-2021 07:55"
36329,89,66,553,carissa4.bautista@shopmykart.store,"Costco Shopper Feedback",,"27-07-2021 08:20"
36330,89,66,553,carissa4.bautista@shopmykart.store,"Costco Shopper Feedback",,"27-07-2021 08:20"
36331,89,66,553,carissa4.bautista@shopmykart.store,"Costco Shopper Feedback",,"27-07-2021 08:20"
36332,89,66,553,carissa4.bautista@shopmykart.store,"Costco Shopper Feedback",,"27-07-2021 08:20"
36333,89,66,553,carissa4.bautista@shopmykart.store,"Costco Shopper Feedback",,"27-07-2021 08:20"
36334,89,66,553,carissa4.bautista@shopmykart.store,"Costco Shopper Feedback",,"27-07-2021 08:45"
36335,89,66,553,carissa4.bautista@shopmykart.store,"Costco Shopper Feedback",,"27-07-2021 08:45"
36336,89,66,553,carissa4.bautista@shopmykart.store,"Costco Shopper Feedback",,"27-07-2021 08:45"
36337,89,66,553,carissa4.bautista@shopmykart.store,"Costco Shopper Feedback",,"27-07-2021 08:45"
36338,89,66,553,carissa4.bautista@shopmykart.store,"Costco Shopper Feedback",,"27-07-2021 08:45"
36339,89,66,553,carissa4.bautista@shopmykart.store,"Costco Shopper Feedback",,"27-07-2021 09:10"
36340,89,66,553,carissa4.bautista@shopmykart.store,"Costco Shopper Feedback",,"27-07-2021 09:10"
36341,89,66,553,carissa4.bautista@shopmykart.store,"Costco Shopper Feedback",,"27-07-2021 09:10"
36342,89,66,553,carissa4.bautista@shopmykart.store,"Costco Shopper Feedback",,"27-07-2021 09:10"
36343,89,66,553,carissa4.bautista@shopmykart.store,"Costco Shopper Feedback",,"27-07-2021 09:10"
36344,89,66,553,carissa4.bautista@shopmykart.store,"Costco Shopper Feedback",,"27-07-2021 09:35"
36345,89,66,553,carissa4.bautista@shopmykart.store,"Costco Shopper Feedback",,"27-07-2021 09:35"
36346,89,66,553,carissa4.bautista@shopmykart.store,"Costco Shopper Feedback",,"27-07-2021 09:35"
36347,89,66,553,carissa4.bautista@shopmykart.store,"Costco Shopper Feedback",,"27-07-2021 09:35"
36348,89,66,553,carissa4.bautista@shopmykart.store,"Costco Shopper Feedback",,"27-07-2021 09:35"
36349,89,66,553,carissa4.bautista@shopmykart.store,"Costco Shopper Feedback",,"27-07-2021 10:00"
36350,89,66,553,carissa4.bautista@shopmykart.store,"Costco Shopper Feedback",,"27-07-2021 10:00"
36351,89,66,553,carissa4.bautista@shopmykart.store,"Costco Shopper Feedback",,"27-07-2021 10:00"
36352,89,66,553,carissa4.bautista@shopmykart.store,"Costco Shopper Feedback",,"27-07-2021 10:00"
36353,89,66,553,carissa4.bautista@shopmykart.store,"Costco Shopper Feedback",,"27-07-2021 10:00"
36354,89,66,553,carissa4.bautista@shopmykart.store,"Costco Shopper Feedback",,"27-07-2021 11:05"
36355,89,66,553,carissa4.bautista@shopmykart.store,"Costco Shopper Feedback",,"27-07-2021 11:05"
36356,89,66,553,carissa4.bautista@shopmykart.store,"Costco Shopper Feedback",,"27-07-2021 11:05"
36357,89,66,553,carissa4.bautista@shopmykart.store,"Costco Shopper Feedback",,"27-07-2021 11:05"
36358,89,66,553,carissa4.bautista@shopmykart.store,"Costco Shopper Feedback",,"27-07-2021 11:05"
36359,89,66,553,carissa4.bautista@shopmykart.store,"Costco Shopper Feedback",,"27-07-2021 11:30"
36360,89,66,553,carissa4.bautista@shopmykart.store,"Costco Shopper Feedback",,"27-07-2021 11:30"
36361,89,66,553,carissa4.bautista@shopmykart.store,"Costco Shopper Feedback",,"27-07-2021 11:30"
36362,89,66,553,carissa4.bautista@shopmykart.store,"Costco Shopper Feedback",,"27-07-2021 11:30"
36363,89,66,553,carissa4.bautista@shopmykart.store,"Costco Shopper Feedback",,"27-07-2021 11:30"
36364,89,66,553,carissa4.bautista@shopmykart.store,"Costco Shopper Feedback",,"27-07-2021 11:55"
36365,89,66,553,carissa4.bautista@shopmykart.store,"Costco Shopper Feedback",,"27-07-2021 11:55"
36366,89,66,553,carissa4.bautista@shopmykart.store,"Costco Shopper Feedback",,"27-07-2021 11:55"
36367,89,66,553,carissa4.bautista@shopmykart.store,"Costco Shopper Feedback",,"27-07-2021 11:55"
36368,89,66,553,carissa4.bautista@shopmykart.store,"Costco Shopper Feedback",,"27-07-2021 11:55"
36369,89,66,553,carissa4.bautista@shopmykart.store,"Costco Shopper Feedback",,"27-07-2021 12:20"
36370,89,66,553,carissa4.bautista@shopmykart.store,"Costco Shopper Feedback",,"27-07-2021 12:20"
36371,89,66,553,carissa4.bautista@shopmykart.store,"Costco Shopper Feedback",,"27-07-2021 12:20"
36372,89,66,553,carissa4.bautista@shopmykart.store,"Costco Shopper Feedback",,"27-07-2021 12:20"
36373,89,66,553,carissa4.bautista@shopmykart.store,"Costco Shopper Feedback",,"27-07-2021 12:20"
36374,89,66,553,carissa4.bautista@shopmykart.store,"Costco Shopper Feedback",,"27-07-2021 12:45"
36375,89,66,553,carissa4.bautista@shopmykart.store,"Costco Shopper Feedback",,"27-07-2021 12:45"
36376,89,66,553,carissa4.bautista@shopmykart.store,"Costco Shopper Feedback",,"27-07-2021 12:45"
36377,89,66,553,carissa4.bautista@shopmykart.store,"Costco Shopper Feedback",,"27-07-2021 12:45"
36378,89,66,553,carissa4.bautista@shopmykart.store,"Costco Shopper Feedback",,"27-07-2021 12:45"
36379,89,66,553,carissa4.bautista@shopmykart.store,"Costco Shopper Feedback",,"27-07-2021 13:10"
36380,89,66,553,carissa4.bautista@shopmykart.store,"Costco Shopper Feedback",,"27-07-2021 13:10"
36381,89,66,553,carissa4.bautista@shopmykart.store,"Costco Shopper Feedback",,"27-07-2021 13:10"
36382,89,66,553,carissa4.bautista@shopmykart.store,"Costco Shopper Feedback",,"27-07-2021 13:10"
36383,89,66,553,carissa4.bautista@shopmykart.store,"Costco Shopper Feedback",,"27-07-2021 13:10"
36384,89,66,553,carissa4.bautista@shopmykart.store,"Costco Shopper Feedback",,"27-07-2021 13:35"
36385,89,66,553,carissa4.bautista@shopmykart.store,"Costco Shopper Feedback",,"27-07-2021 13:35"
36386,89,66,553,carissa4.bautista@shopmykart.store,"Costco Shopper Feedback",,"27-07-2021 13:35"
36387,89,66,553,carissa4.bautista@shopmykart.store,"Costco Shopper Feedback",,"27-07-2021 13:35"
36388,89,66,553,carissa4.bautista@shopmykart.store,"Costco Shopper Feedback",,"27-07-2021 13:35"
36389,89,66,553,carissa4.bautista@shopmykart.store,"Costco Shopper Feedback",,"27-07-2021 14:00"
36390,89,66,553,carissa4.bautista@shopmykart.store,"Costco Shopper Feedback",,"27-07-2021 14:00"
36391,89,66,553,carissa4.bautista@shopmykart.store,"Costco Shopper Feedback",,"27-07-2021 14:00"
36392,89,66,553,carissa4.bautista@shopmykart.store,"Costco Shopper Feedback",,"27-07-2021 14:00"
36393,89,66,553,carissa4.bautista@shopmykart.store,"Costco Shopper Feedback",,"27-07-2021 14:00"
36394,89,66,553,carissa4.bautista@shopmykart.store,"Costco Shopper Feedback",,"27-07-2021 14:25"
36395,89,66,553,carissa4.bautista@shopmykart.store,"Costco Shopper Feedback",,"27-07-2021 14:25"
36396,89,66,553,carissa4.bautista@shopmykart.store,"Costco Shopper Feedback",,"27-07-2021 14:25"
36397,89,66,553,carissa4.bautista@shopmykart.store,"Costco Shopper Feedback",,"27-07-2021 14:25"
36398,89,66,553,carissa4.bautista@shopmykart.store,"Costco Shopper Feedback",,"27-07-2021 14:25"
36399,89,66,553,carissa4.bautista@shopmykart.store,"Costco Shopper Feedback",,"27-07-2021 14:50"
36400,89,66,553,carissa4.bautista@shopmykart.store,"Costco Shopper Feedback",,"27-07-2021 14:50"
36401,89,66,553,carissa4.bautista@shopmykart.store,"Costco Shopper Feedback",,"27-07-2021 14:50"
36402,89,66,553,carissa4.bautista@shopmykart.store,"Costco Shopper Feedback",,"27-07-2021 14:50"
36403,89,66,553,carissa4.bautista@shopmykart.store,"Costco Shopper Feedback",,"27-07-2021 14:50"
36404,89,66,552,carissa4.bautista@shopmykart.store,"Pickupsavings Alert",,"27-07-2021 22:20"
36405,89,66,552,carissa4.bautista@shopmykart.store,"Pickupsavings Alert",,"27-07-2021 22:20"
36406,89,66,552,carissa4.bautista@shopmykart.store,"Pickupsavings Alert",,"27-07-2021 22:20"
36407,89,66,552,carissa4.bautista@shopmykart.store,"Pickupsavings Alert",,"27-07-2021 22:20"
36408,89,66,552,carissa4.bautista@shopmykart.store,"Pickupsavings Alert",,"27-07-2021 22:20"
36409,89,66,552,carissa4.bautista@shopmykart.store,"Pickupsavings Alert",,"27-07-2021 22:45"
36410,89,66,552,carissa4.bautista@shopmykart.store,"Pickupsavings Alert",,"27-07-2021 22:45"
36411,89,66,552,carissa4.bautista@shopmykart.store,"Pickupsavings Alert",,"27-07-2021 22:45"
36412,89,66,552,carissa4.bautista@shopmykart.store,"Pickupsavings Alert",,"27-07-2021 22:45"
36413,89,66,552,carissa4.bautista@shopmykart.store,"Pickupsavings Alert",,"27-07-2021 22:45"
36414,89,66,552,carissa4.bautista@shopmykart.store,"Pickupsavings Alert",,"27-07-2021 23:10"
36415,89,66,552,carissa4.bautista@shopmykart.store,"Pickupsavings Alert",,"27-07-2021 23:10"
36416,89,66,552,carissa4.bautista@shopmykart.store,"Pickupsavings Alert",,"27-07-2021 23:10"
36417,89,66,552,carissa4.bautista@shopmykart.store,"Pickupsavings Alert",,"27-07-2021 23:10"
36418,89,66,552,carissa4.bautista@shopmykart.store,"Pickupsavings Alert",,"27-07-2021 23:10"
36419,89,66,560,carissa4.bautista@shopmykart.store,"Pickupsavings Alert",,"27-07-2021 23:30"
36420,89,66,560,carissa4.bautista@shopmykart.store,"Pickupsavings Alert",,"27-07-2021 23:30"
36421,89,66,560,carissa4.bautista@shopmykart.store,"Pickupsavings Alert",,"27-07-2021 23:30"
36422,89,66,560,carissa4.bautista@shopmykart.store,"Pickupsavings Alert",,"27-07-2021 23:30"
36423,89,66,560,carissa4.bautista@shopmykart.store,"Pickupsavings Alert",,"27-07-2021 23:30"
36424,89,66,560,carissa4.bautista@shopmykart.store,"Pickupsavings Alert",,"27-07-2021 23:55"
36425,89,66,560,carissa4.bautista@shopmykart.store,"Pickupsavings Alert",,"27-07-2021 23:55"
36426,89,66,560,carissa4.bautista@shopmykart.store,"Pickupsavings Alert",,"27-07-2021 23:55"
36427,89,66,560,carissa4.bautista@shopmykart.store,"Pickupsavings Alert",,"27-07-2021 23:55"
36428,89,66,560,carissa4.bautista@shopmykart.store,"Pickupsavings Alert",,"27-07-2021 23:55"
36429,89,66,560,carissa4.bautista@shopmykart.store,"Pickupsavings Alert",,"28-07-2021 00:20"
36430,89,66,560,carissa4.bautista@shopmykart.store,"Pickupsavings Alert",,"28-07-2021 00:20"
36431,89,66,560,carissa4.bautista@shopmykart.store,"Pickupsavings Alert",,"28-07-2021 00:20"
36432,89,66,560,carissa4.bautista@shopmykart.store,"Pickupsavings Alert",,"28-07-2021 00:20"
36433,89,66,560,carissa4.bautista@shopmykart.store,"Pickupsavings Alert",,"28-07-2021 00:20"
36434,89,66,560,carissa4.bautista@shopmykart.store,"Pickupsavings Alert",,"28-07-2021 00:45"
36435,89,66,560,carissa4.bautista@shopmykart.store,"Pickupsavings Alert",,"28-07-2021 00:45"
36436,89,66,560,carissa4.bautista@shopmykart.store,"Pickupsavings Alert",,"28-07-2021 00:45"
36437,89,66,560,carissa4.bautista@shopmykart.store,"Pickupsavings Alert",,"28-07-2021 00:45"
36438,89,66,560,carissa4.bautista@shopmykart.store,"Pickupsavings Alert",,"28-07-2021 00:45"
36439,89,66,560,carissa4.bautista@shopmykart.store,"Pickupsavings Alert",,"28-07-2021 01:35"
36440,89,66,560,carissa4.bautista@shopmykart.store,"Pickupsavings Alert",,"28-07-2021 01:35"
36441,89,66,560,carissa4.bautista@shopmykart.store,"Pickupsavings Alert",,"28-07-2021 01:35"
36442,89,66,560,carissa4.bautista@shopmykart.store,"Pickupsavings Alert",,"28-07-2021 01:35"
36443,89,66,560,carissa4.bautista@shopmykart.store,"Pickupsavings Alert",,"28-07-2021 01:35"
36444,89,66,560,carissa4.bautista@shopmykart.store,"Pickupsavings Alert",,"28-07-2021 02:00"
36445,89,66,560,carissa4.bautista@shopmykart.store,"Pickupsavings Alert",,"28-07-2021 02:00"
36446,89,66,560,carissa4.bautista@shopmykart.store,"Pickupsavings Alert",,"28-07-2021 02:00"
36447,89,66,560,carissa4.bautista@shopmykart.store,"Pickupsavings Alert",,"28-07-2021 02:00"
36448,89,66,560,carissa4.bautista@shopmykart.store,"Pickupsavings Alert",,"28-07-2021 02:00"
36449,89,66,560,carissa4.bautista@shopmykart.store,"Pickupsavings Alert",,"28-07-2021 02:25"
36450,89,66,560,carissa4.bautista@shopmykart.store,"Pickupsavings Alert",,"28-07-2021 02:25"
36451,89,66,560,carissa4.bautista@shopmykart.store,"Pickupsavings Alert",,"28-07-2021 02:25"
36452,89,66,560,carissa4.bautista@shopmykart.store,"Pickupsavings Alert",,"28-07-2021 02:25"
36453,89,66,560,carissa4.bautista@shopmykart.store,"Pickupsavings Alert",,"28-07-2021 02:25"
36454,89,66,560,carissa4.bautista@shopmykart.store,"Pickupsavings Alert",,"28-07-2021 02:50"
36455,89,66,560,carissa4.bautista@shopmykart.store,"Pickupsavings Alert",,"28-07-2021 02:50"
36456,89,66,560,carissa4.bautista@shopmykart.store,"Pickupsavings Alert",,"28-07-2021 02:50"
36457,89,66,560,carissa4.bautista@shopmykart.store,"Pickupsavings Alert",,"28-07-2021 02:50"
36458,89,66,560,carissa4.bautista@shopmykart.store,"Pickupsavings Alert",,"28-07-2021 02:50"
36459,89,66,560,carissa4.bautista@shopmykart.store,"Pickupsavings Alert",,"28-07-2021 03:15"
36460,89,66,560,carissa4.bautista@shopmykart.store,"Pickupsavings Alert",,"28-07-2021 03:15"
36461,89,66,560,carissa4.bautista@shopmykart.store,"Pickupsavings Alert",,"28-07-2021 03:15"
36462,89,66,560,carissa4.bautista@shopmykart.store,"Pickupsavings Alert",,"28-07-2021 03:15"
36463,89,66,560,carissa4.bautista@shopmykart.store,"Pickupsavings Alert",,"28-07-2021 03:15"
36464,89,66,560,carissa4.bautista@shopmykart.store,"Pickupsavings Alert",,"28-07-2021 03:40"
36465,89,66,560,carissa4.bautista@shopmykart.store,"Pickupsavings Alert",,"28-07-2021 03:40"
36466,89,66,560,carissa4.bautista@shopmykart.store,"Pickupsavings Alert",,"28-07-2021 03:40"
36467,89,66,560,carissa4.bautista@shopmykart.store,"Pickupsavings Alert",,"28-07-2021 03:40"
36468,89,66,560,carissa4.bautista@shopmykart.store,"Pickupsavings Alert",,"28-07-2021 03:40"
36469,89,66,560,carissa4.bautista@shopmykart.store,"Pickupsavings Alert",,"28-07-2021 04:19"
36470,89,66,560,carissa4.bautista@shopmykart.store,"Pickupsavings Alert",,"28-07-2021 04:19"
36471,89,66,560,carissa4.bautista@shopmykart.store,"Pickupsavings Alert",,"28-07-2021 04:19"
36472,89,66,560,carissa4.bautista@shopmykart.store,"Pickupsavings Alert",,"28-07-2021 04:19"
36473,89,66,560,carissa4.bautista@shopmykart.store,"Pickupsavings Alert",,"28-07-2021 04:19"
36474,89,66,556,carissa4.bautista@shopmykart.store,"Thank you! Costco",,"28-07-2021 05:40"
36475,89,66,556,carissa4.bautista@shopmykart.store,"Thank you! Costco",,"28-07-2021 05:40"
36476,89,66,556,carissa4.bautista@shopmykart.store,"Thank you! Costco",,"28-07-2021 05:40"
36477,89,66,556,carissa4.bautista@shopmykart.store,"Thank you! Costco",,"28-07-2021 05:40"
36478,89,66,556,carissa4.bautista@shopmykart.store,"Thank you! Costco",,"28-07-2021 05:40"
36479,89,66,556,carissa4.bautista@shopmykart.store,"Thank you! Costco",,"28-07-2021 06:05"
36480,89,66,556,carissa4.bautista@shopmykart.store,"Thank you! Costco",,"28-07-2021 06:05"
36481,89,66,556,carissa4.bautista@shopmykart.store,"Thank you! Costco",,"28-07-2021 06:05"
36482,89,66,556,carissa4.bautista@shopmykart.store,"Thank you! Costco",,"28-07-2021 06:05"
36483,89,66,556,carissa4.bautista@shopmykart.store,"Thank you! Costco",,"28-07-2021 06:05"
36484,89,66,556,carissa4.bautista@shopmykart.store,"Thank you! Costco",,"28-07-2021 06:30"
36485,89,66,556,carissa4.bautista@shopmykart.store,"Thank you! Costco",,"28-07-2021 06:30"
36486,89,66,556,carissa4.bautista@shopmykart.store,"Thank you! Costco",,"28-07-2021 06:30"
36487,89,66,556,carissa4.bautista@shopmykart.store,"Thank you! Costco",,"28-07-2021 06:30"
36488,89,66,556,carissa4.bautista@shopmykart.store,"Thank you! Costco",,"28-07-2021 06:30"
36489,89,66,556,carissa4.bautista@shopmykart.store,"Thank you! Costco",,"28-07-2021 06:55"
36490,89,66,556,carissa4.bautista@shopmykart.store,"Thank you! Costco",,"28-07-2021 06:55"
36491,89,66,556,carissa4.bautista@shopmykart.store,"Thank you! Costco",,"28-07-2021 06:55"
36492,89,66,556,carissa4.bautista@shopmykart.store,"Thank you! Costco",,"28-07-2021 06:55"
36493,89,66,556,carissa4.bautista@shopmykart.store,"Thank you! Costco",,"28-07-2021 06:55"
36494,89,66,556,carissa4.bautista@shopmykart.store,"Thank you! Costco",,"28-07-2021 07:20"
36495,89,66,556,carissa4.bautista@shopmykart.store,"Thank you! Costco",,"28-07-2021 07:20"
36496,89,66,556,carissa4.bautista@shopmykart.store,"Thank you! Costco",,"28-07-2021 07:20"
36497,89,66,556,carissa4.bautista@shopmykart.store,"Thank you! Costco",,"28-07-2021 07:20"
36498,89,66,556,carissa4.bautista@shopmykart.store,"Thank you! Costco",,"28-07-2021 07:20"
36499,89,66,556,carissa4.bautista@shopmykart.store,"Thank you! Costco",,"28-07-2021 07:45"
36500,89,66,556,carissa4.bautista@shopmykart.store,"Thank you! Costco",,"28-07-2021 07:45"
36501,89,66,556,carissa4.bautista@shopmykart.store,"Thank you! Costco",,"28-07-2021 07:45"
36502,89,66,556,carissa4.bautista@shopmykart.store,"Thank you! Costco",,"28-07-2021 07:45"
36503,89,66,556,carissa4.bautista@shopmykart.store,"Thank you! Costco",,"28-07-2021 07:45"
36504,89,66,556,carissa4.bautista@shopmykart.store,"Thank you! Costco",,"28-07-2021 08:10"
36505,89,66,556,carissa4.bautista@shopmykart.store,"Thank you! Costco",,"28-07-2021 08:10"
36506,89,66,556,carissa4.bautista@shopmykart.store,"Thank you! Costco",,"28-07-2021 08:10"
36507,89,66,556,carissa4.bautista@shopmykart.store,"Thank you! Costco",,"28-07-2021 08:10"
36508,89,66,556,carissa4.bautista@shopmykart.store,"Thank you! Costco",,"28-07-2021 08:10"
36509,89,66,556,carissa4.bautista@shopmykart.store,"Thank you! Costco",,"28-07-2021 09:00"
36510,89,66,556,carissa4.bautista@shopmykart.store,"Thank you! Costco",,"28-07-2021 09:00"
36511,89,66,556,carissa4.bautista@shopmykart.store,"Thank you! Costco",,"28-07-2021 09:00"
36512,89,66,556,carissa4.bautista@shopmykart.store,"Thank you! Costco",,"28-07-2021 09:00"
36513,89,66,556,carissa4.bautista@shopmykart.store,"Thank you! Costco",,"28-07-2021 09:00"
36514,89,66,556,carissa4.bautista@shopmykart.store,"Thank you! Costco",,"28-07-2021 09:25"
36515,89,66,556,carissa4.bautista@shopmykart.store,"Thank you! Costco",,"28-07-2021 09:25"
36516,89,66,556,carissa4.bautista@shopmykart.store,"Thank you! Costco",,"28-07-2021 09:25"
36517,89,66,556,carissa4.bautista@shopmykart.store,"Thank you! Costco",,"28-07-2021 09:25"
36518,89,66,556,carissa4.bautista@shopmykart.store,"Thank you! Costco",,"28-07-2021 09:25"
36519,89,66,556,carissa4.bautista@shopmykart.store,"Thank you! Costco",,"28-07-2021 09:50"
36520,89,66,556,carissa4.bautista@shopmykart.store,"Thank you! Costco",,"28-07-2021 09:50"
36521,89,66,556,carissa4.bautista@shopmykart.store,"Thank you! Costco",,"28-07-2021 09:50"
36522,89,66,556,carissa4.bautista@shopmykart.store,"Thank you! Costco",,"28-07-2021 09:50"
36523,89,66,556,carissa4.bautista@shopmykart.store,"Thank you! Costco",,"28-07-2021 09:50"
36524,89,66,556,carissa4.bautista@shopmykart.store,"Thank you! Costco",,"28-07-2021 10:15"
36525,89,66,556,carissa4.bautista@shopmykart.store,"Thank you! Costco",,"28-07-2021 10:15"
36526,89,66,556,carissa4.bautista@shopmykart.store,"Thank you! Costco",,"28-07-2021 10:15"
36527,89,66,556,carissa4.bautista@shopmykart.store,"Thank you! Costco",,"28-07-2021 10:15"
36528,89,66,556,carissa4.bautista@shopmykart.store,"Thank you! Costco",,"28-07-2021 10:15"
36529,89,66,553,carissa4.bautista@shopmykart.store,"Costco Shopper Gift Opportunity",,"28-07-2021 11:45"
36530,89,66,560,carissa4.bautista@shopmykart.store,"Costco Shopper Gift Opportunity",,"28-07-2021 11:45"
36531,89,66,553,carissa4.bautista@shopmykart.store,"Costco Shopper Gift Opportunity",,"28-07-2021 11:45"
36532,89,66,552,carissa4.bautista@shopmykart.store,"Costco Shopper Gift Opportunity",,"28-07-2021 11:45"
36533,89,66,545,carissa4.bautista@shopmykart.store,"Costco Shopper Gift Opportunity",,"28-07-2021 11:45"
36534,89,66,553,carissa4.bautista@shopmykart.store,"Costco Shopper Gift Opportunity",,"28-07-2021 12:10"
36535,89,66,560,carissa4.bautista@shopmykart.store,"Costco Shopper Gift Opportunity",,"28-07-2021 12:10"
36536,89,66,550,carissa4.bautista@shopmykart.store,"Costco Shopper Gift Opportunity",,"28-07-2021 12:10"
36537,89,66,560,carissa4.bautista@shopmykart.store,"Costco Shopper Gift Opportunity",,"28-07-2021 12:10"
36538,89,66,556,carissa4.bautista@shopmykart.store,"Costco Shopper Gift Opportunity",,"28-07-2021 12:10"
36539,89,66,545,carissa4.bautista@shopmykart.store,"Costco Shopper Gift Opportunity",,"28-07-2021 12:35"
36540,89,66,553,carissa4.bautista@shopmykart.store,"Costco Shopper Gift Opportunity",,"28-07-2021 12:35"
36541,89,66,540,carissa4.bautista@shopmykart.store,"Costco Shopper Gift Opportunity",,"28-07-2021 12:35"
36542,89,66,552,carissa4.bautista@shopmykart.store,"Costco Shopper Gift Opportunity",,"28-07-2021 12:35"
36543,89,66,552,carissa4.bautista@shopmykart.store,"Costco Shopper Gift Opportunity",,"28-07-2021 12:35"
36544,89,66,560,carissa4.bautista@shopmykart.store,"Costco Shopper Gift Opportunity",,"28-07-2021 13:00"
36545,89,66,545,carissa4.bautista@shopmykart.store,"Costco Shopper Gift Opportunity",,"28-07-2021 13:00"
36546,89,66,560,carissa4.bautista@shopmykart.store,"Costco Shopper Gift Opportunity",,"28-07-2021 13:00"
36547,89,66,556,carissa4.bautista@shopmykart.store,"Costco Shopper Gift Opportunity",,"28-07-2021 13:00"
36548,89,66,553,carissa4.bautista@shopmykart.store,"Costco Shopper Gift Opportunity",,"28-07-2021 13:00"
36549,89,66,553,carissa4.bautista@shopmykart.store,"Costco Shopper Gift Opportunity",,"28-07-2021 13:25"
36550,89,66,553,carissa4.bautista@shopmykart.store,"Costco Shopper Gift Opportunity",,"28-07-2021 13:25"
36551,89,66,540,carissa4.bautista@shopmykart.store,"Costco Shopper Gift Opportunity",,"28-07-2021 13:25"
36552,89,66,545,carissa4.bautista@shopmykart.store,"Costco Shopper Gift Opportunity",,"28-07-2021 13:25"
36553,89,66,553,carissa4.bautista@shopmykart.store,"Costco Shopper Gift Opportunity",,"28-07-2021 13:25"
36554,89,66,556,carissa4.bautista@shopmykart.store,"Costco Shopper Gift Opportunity",,"28-07-2021 13:50"
36555,89,66,550,carissa4.bautista@shopmykart.store,"Costco Shopper Gift Opportunity",,"28-07-2021 13:50"
36556,89,66,552,carissa4.bautista@shopmykart.store,"Costco Shopper Gift Opportunity",,"28-07-2021 13:50"
36557,89,66,553,carissa4.bautista@shopmykart.store,"Costco Shopper Gift Opportunity",,"28-07-2021 13:50"
36558,89,66,550,carissa4.bautista@shopmykart.store,"Costco Shopper Gift Opportunity",,"28-07-2021 13:50"
36559,89,66,560,carissa4.bautista@shopmykart.store,"Customer Survey",,"28-07-2021 14:15"
36560,89,66,552,carissa4.bautista@shopmykart.store,"Customer Survey",,"28-07-2021 14:15"
36561,89,66,545,carissa4.bautista@shopmykart.store,"Customer Survey",,"28-07-2021 14:15"
36562,89,66,553,carissa4.bautista@shopmykart.store,"Customer Survey",,"28-07-2021 14:15"
36563,89,66,550,carissa4.bautista@shopmykart.store,"Customer Survey",,"28-07-2021 14:15"
36564,89,66,553,carissa4.bautista@shopmykart.store,"Customer Survey",,"28-07-2021 14:40"
36565,89,66,540,carissa4.bautista@shopmykart.store,"Customer Survey",,"28-07-2021 14:40"
36566,89,66,552,carissa4.bautista@shopmykart.store,"Customer Survey",,"28-07-2021 14:40"
36567,89,66,560,carissa4.bautista@shopmykart.store,"Customer Survey",,"28-07-2021 14:40"
36568,89,66,560,carissa4.bautista@shopmykart.store,"Customer Survey",,"28-07-2021 14:40"
36569,89,66,556,carissa4.bautista@shopmykart.store,"Customer Survey",,"28-07-2021 15:05"
36570,89,66,553,carissa4.bautista@shopmykart.store,"Customer Survey",,"28-07-2021 15:05"
36571,89,66,560,carissa4.bautista@shopmykart.store,"Customer Survey",,"28-07-2021 15:05"
36572,89,66,545,carissa4.bautista@shopmykart.store,"Customer Survey",,"28-07-2021 15:05"
36573,89,66,556,carissa4.bautista@shopmykart.store,"Customer Survey",,"28-07-2021 15:05"
36574,89,66,553,carissa4.bautista@shopmykart.store,"Customer Survey",,"28-07-2021 15:30"
36575,89,66,553,carissa4.bautista@shopmykart.store,"Customer Survey",,"28-07-2021 15:30"
36576,89,66,560,carissa4.bautista@shopmykart.store,"Customer Survey",,"28-07-2021 15:30"
36577,89,66,552,carissa4.bautista@shopmykart.store,"Customer Survey",,"28-07-2021 15:30"
36578,89,66,560,carissa4.bautista@shopmykart.store,"Customer Survey",,"28-07-2021 15:30"
36579,89,66,552,carissa4.bautista@shopmykart.store,"Customer Survey",,"28-07-2021 15:55"
36580,89,66,540,carissa4.bautista@shopmykart.store,"Customer Survey",,"28-07-2021 15:55"
36581,89,66,540,carissa4.bautista@shopmykart.store,"Customer Survey",,"28-07-2021 15:55"
36582,89,66,552,carissa4.bautista@shopmykart.store,"Customer Survey",,"28-07-2021 15:55"
36583,89,66,560,carissa4.bautista@shopmykart.store,"Customer Survey",,"28-07-2021 15:55"
36584,89,66,540,carissa4.bautista@shopmykart.store,"Customer Survey",,"28-07-2021 16:20"
36585,89,66,545,carissa4.bautista@shopmykart.store,"Customer Survey",,"28-07-2021 16:20"
36586,89,66,556,carissa4.bautista@shopmykart.store,"Customer Survey",,"28-07-2021 16:20"
36587,89,66,552,carissa4.bautista@shopmykart.store,"Customer Survey",,"28-07-2021 16:20"
36588,89,66,550,carissa4.bautista@shopmykart.store,"Customer Survey",,"28-07-2021 16:20"
36589,89,66,540,carissa4.bautista@shopmykart.store,"Customer Survey",,"28-07-2021 23:05"
36590,89,66,550,carissa4.bautista@shopmykart.store,"Customer Survey",,"28-07-2021 23:05"
36591,89,66,545,carissa4.bautista@shopmykart.store,"Customer Survey",,"28-07-2021 23:05"
36592,89,66,553,carissa4.bautista@shopmykart.store,"Customer Survey",,"28-07-2021 23:05"
36593,89,66,553,carissa4.bautista@shopmykart.store,"Customer Survey",,"28-07-2021 23:05"
36594,89,66,545,carissa4.bautista@shopmykart.store,"Customer Survey",,"28-07-2021 23:30"
36595,89,66,550,carissa4.bautista@shopmykart.store,"Customer Survey",,"28-07-2021 23:30"
36596,89,66,540,carissa4.bautista@shopmykart.store,"Customer Survey",,"28-07-2021 23:30"
36597,89,66,556,carissa4.bautista@shopmykart.store,"Customer Survey",,"28-07-2021 23:30"
36598,89,66,550,carissa4.bautista@shopmykart.store,"Customer Survey",,"28-07-2021 23:30"
36599,89,66,553,carissa4.bautista@shopmykart.store,"Customer Survey",,"28-07-2021 23:55"
36600,89,66,556,carissa4.bautista@shopmykart.store,"Customer Survey",,"28-07-2021 23:55"
36601,89,66,550,carissa4.bautista@shopmykart.store,"Customer Survey",,"28-07-2021 23:55"
36602,89,66,550,carissa4.bautista@shopmykart.store,"Customer Survey",,"28-07-2021 23:55"
36603,89,66,560,carissa4.bautista@shopmykart.store,"Customer Survey",,"28-07-2021 23:55"
36604,89,66,553,carissa4.bautista@shopmykart.store,"Customer Survey",,"29-07-2021 00:20"
36605,89,66,545,carissa4.bautista@shopmykart.store,"Customer Survey",,"29-07-2021 00:20"
36606,89,66,552,carissa4.bautista@shopmykart.store,"Customer Survey",,"29-07-2021 00:20"
36607,89,66,553,carissa4.bautista@shopmykart.store,"Customer Survey",,"29-07-2021 00:20"
36608,89,66,553,carissa4.bautista@shopmykart.store,"Customer Survey",,"29-07-2021 00:20"
36609,89,66,550,carissa4.bautista@shopmykart.store,"Customer Survey",,"29-07-2021 00:45"
36610,89,66,556,carissa4.bautista@shopmykart.store,"Customer Survey",,"29-07-2021 00:45"
36611,89,66,556,carissa4.bautista@shopmykart.store,"Customer Survey",,"29-07-2021 00:45"
36612,89,66,540,carissa4.bautista@shopmykart.store,"Customer Survey",,"29-07-2021 00:45"
36613,89,66,552,carissa4.bautista@shopmykart.store,"Customer Survey",,"29-07-2021 00:45"
36614,89,66,556,carissa4.bautista@shopmykart.store,"Customer Survey",,"29-07-2021 01:10"
36615,89,66,545,carissa4.bautista@shopmykart.store,"Customer Survey",,"29-07-2021 01:10"
36616,89,66,545,carissa4.bautista@shopmykart.store,"Customer Survey",,"29-07-2021 01:10"
36617,89,66,545,carissa4.bautista@shopmykart.store,"Customer Survey",,"29-07-2021 01:10"
36618,89,66,560,carissa4.bautista@shopmykart.store,"Customer Survey",,"29-07-2021 01:10"
36619,89,66,556,carissa4.bautista@shopmykart.store,"Customer Survey",,"29-07-2021 01:35"
36620,89,66,553,carissa4.bautista@shopmykart.store,"Customer Survey",,"29-07-2021 01:35"
36621,89,66,556,carissa4.bautista@shopmykart.store,"Customer Survey",,"29-07-2021 01:35"
36622,89,66,550,carissa4.bautista@shopmykart.store,"Customer Survey",,"29-07-2021 01:35"
36623,89,66,550,carissa4.bautista@shopmykart.store,"Customer Survey",,"29-07-2021 01:35"
36624,89,66,550,carissa4.bautista@shopmykart.store,"Customer Survey",,"29-07-2021 02:10"
36625,89,66,556,carissa4.bautista@shopmykart.store,"Customer Survey",,"29-07-2021 02:10"
36626,89,66,560,carissa4.bautista@shopmykart.store,"Customer Survey",,"29-07-2021 02:10"
36627,89,66,553,carissa4.bautista@shopmykart.store,"Customer Survey",,"29-07-2021 02:10"
36628,89,66,552,carissa4.bautista@shopmykart.store,"Customer Survey",,"29-07-2021 02:10"
36629,89,66,545,carissa4.bautista@shopmykart.store,"Customer Survey",,"29-07-2021 02:35"
36630,89,66,550,carissa4.bautista@shopmykart.store,"Customer Survey",,"29-07-2021 02:35"
36631,89,66,553,carissa4.bautista@shopmykart.store,"Customer Survey",,"29-07-2021 02:35"
36632,89,66,553,carissa4.bautista@shopmykart.store,"Customer Survey",,"29-07-2021 02:35"
36633,89,66,560,carissa4.bautista@shopmykart.store,"Customer Survey",,"29-07-2021 02:35"
36634,89,66,556,carissa4.bautista@shopmykart.store,"Customer Survey",,"29-07-2021 03:00"
36635,89,66,556,carissa4.bautista@shopmykart.store,"Customer Survey",,"29-07-2021 03:00"
36636,89,66,550,carissa4.bautista@shopmykart.store,"Customer Survey",,"29-07-2021 03:00"
36637,89,66,560,carissa4.bautista@shopmykart.store,"Customer Survey",,"29-07-2021 03:00"
36638,89,66,540,carissa4.bautista@shopmykart.store,"Customer Survey",,"29-07-2021 03:00"
36639,89,66,560,carissa4.bautista@shopmykart.store,"Customer Survey",,"29-07-2021 03:25"
36640,89,66,545,carissa4.bautista@shopmykart.store,"Customer Survey",,"29-07-2021 03:25"
36641,89,66,560,carissa4.bautista@shopmykart.store,"Customer Survey",,"29-07-2021 03:25"
36642,89,66,553,carissa4.bautista@shopmykart.store,"Customer Survey",,"29-07-2021 03:25"
36643,89,66,545,carissa4.bautista@shopmykart.store,"Customer Survey",,"29-07-2021 03:25"
36644,89,66,540,carissa4.bautista@shopmykart.store,"Customer Survey",,"29-07-2021 03:50"
36645,89,66,550,carissa4.bautista@shopmykart.store,"Customer Survey",,"29-07-2021 03:50"
36646,89,66,552,carissa4.bautista@shopmykart.store,"Customer Survey",,"29-07-2021 03:50"
36647,89,66,552,carissa4.bautista@shopmykart.store,"Customer Survey",,"29-07-2021 03:50"
36648,89,66,560,carissa4.bautista@shopmykart.store,"Customer Survey",,"29-07-2021 03:50"
36649,89,66,560,carissa4.bautista@shopmykart.store,"Customer Survey",,"29-07-2021 04:15"
36650,89,66,545,carissa4.bautista@shopmykart.store,"Customer Survey",,"29-07-2021 04:15"
36651,89,66,560,carissa4.bautista@shopmykart.store,"Customer Survey",,"29-07-2021 04:15"
36652,89,66,556,carissa4.bautista@shopmykart.store,"Customer Survey",,"29-07-2021 04:15"
36653,89,66,550,carissa4.bautista@shopmykart.store,"Customer Survey",,"29-07-2021 04:15"
36654,89,66,553,carissa4.bautista@shopmykart.store,"Customer Survey",,"29-07-2021 04:45"
36655,89,66,553,carissa4.bautista@shopmykart.store,"Customer Survey",,"29-07-2021 04:45"
36656,89,66,550,carissa4.bautista@shopmykart.store,"Customer Survey",,"29-07-2021 04:45"
36657,89,66,545,carissa4.bautista@shopmykart.store,"Customer Survey",,"29-07-2021 04:45"
36658,89,66,552,carissa4.bautista@shopmykart.store,"Customer Survey",,"29-07-2021 04:45"
36659,89,66,556,carissa4.bautista@shopmykart.store,"Customer Survey",,"29-07-2021 05:15"
36660,89,66,552,carissa4.bautista@shopmykart.store,"Customer Survey",,"29-07-2021 05:15"
36661,89,66,545,carissa4.bautista@shopmykart.store,"Customer Survey",,"29-07-2021 05:15"
36662,89,66,553,carissa4.bautista@shopmykart.store,"Customer Survey",,"29-07-2021 05:15"
36663,89,66,552,carissa4.bautista@shopmykart.store,"Customer Survey",,"29-07-2021 05:15"
36664,89,66,556,carissa4.bautista@shopmykart.store,"Customer Survey",,"29-07-2021 05:40"
36665,89,66,540,carissa4.bautista@shopmykart.store,"Customer Survey",,"29-07-2021 05:40"
36666,89,66,556,carissa4.bautista@shopmykart.store,"Customer Survey",,"29-07-2021 05:40"
36667,89,66,540,carissa4.bautista@shopmykart.store,"Customer Survey",,"29-07-2021 05:40"
36668,89,66,550,carissa4.bautista@shopmykart.store,"Customer Survey",,"29-07-2021 05:40"
36669,89,66,560,carissa4.bautista@shopmykart.store,"Customer Survey",,"29-07-2021 06:05"
36670,89,66,550,carissa4.bautista@shopmykart.store,"Customer Survey",,"29-07-2021 06:05"
36671,89,66,540,carissa4.bautista@shopmykart.store,"Customer Survey",,"29-07-2021 06:05"
36672,89,66,553,carissa4.bautista@shopmykart.store,"Customer Survey",,"29-07-2021 06:05"
36673,89,66,553,carissa4.bautista@shopmykart.store,"Customer Survey",,"29-07-2021 06:05"
36674,89,66,540,carissa4.bautista@shopmykart.store,"Customer Survey",,"29-07-2021 06:30"
36675,89,66,545,carissa4.bautista@shopmykart.store,"Customer Survey",,"29-07-2021 06:30"
36676,89,66,540,carissa4.bautista@shopmykart.store,"Customer Survey",,"29-07-2021 06:30"
36677,89,66,545,carissa4.bautista@shopmykart.store,"Customer Survey",,"29-07-2021 06:30"
36678,89,66,552,carissa4.bautista@shopmykart.store,"Customer Survey",,"29-07-2021 06:30"
36679,89,66,550,carissa4.bautista@shopmykart.store,"Customer Survey",,"29-07-2021 06:55"
36680,89,66,560,carissa4.bautista@shopmykart.store,"Customer Survey",,"29-07-2021 06:55"
36681,89,66,560,carissa4.bautista@shopmykart.store,"Customer Survey",,"29-07-2021 06:55"
36682,89,66,560,carissa4.bautista@shopmykart.store,"Customer Survey",,"29-07-2021 06:55"
36683,89,66,556,carissa4.bautista@shopmykart.store,"Customer Survey",,"29-07-2021 06:55"
36684,89,66,552,carissa4.bautista@shopmykart.store,"Customer Survey",,"29-07-2021 07:20"
36685,89,66,540,carissa4.bautista@shopmykart.store,"Customer Survey",,"29-07-2021 07:20"
36686,89,66,545,carissa4.bautista@shopmykart.store,"Customer Survey",,"29-07-2021 07:20"
36687,89,66,550,carissa4.bautista@shopmykart.store,"Customer Survey",,"29-07-2021 07:20"
36688,89,66,545,carissa4.bautista@shopmykart.store,"Customer Survey",,"29-07-2021 07:20"
36689,89,66,552,carissa4.bautista@shopmykart.store,"Customer Survey",,"29-07-2021 07:45"
36690,89,66,556,carissa4.bautista@shopmykart.store,"Customer Survey",,"29-07-2021 07:45"
36691,89,66,552,carissa4.bautista@shopmykart.store,"Customer Survey",,"29-07-2021 07:45"
36692,89,66,560,carissa4.bautista@shopmykart.store,"Customer Survey",,"29-07-2021 07:45"
36693,89,66,552,carissa4.bautista@shopmykart.store,"Customer Survey",,"29-07-2021 07:45"
36694,89,66,545,carissa4.bautista@shopmykart.store,"Customer Survey",,"29-07-2021 08:30"
36695,89,66,552,carissa4.bautista@shopmykart.store,"Customer Survey",,"29-07-2021 08:30"
36696,89,66,560,carissa4.bautista@shopmykart.store,"Customer Survey",,"29-07-2021 08:30"
36697,89,66,560,carissa4.bautista@shopmykart.store,"Customer Survey",,"29-07-2021 08:30"
36698,89,66,540,carissa4.bautista@shopmykart.store,"Customer Survey",,"29-07-2021 08:30"
36699,89,66,540,carissa4.bautista@shopmykart.store,"Customer Survey",,"29-07-2021 08:55"
36700,89,66,560,carissa4.bautista@shopmykart.store,"Customer Survey",,"29-07-2021 08:55"
36701,89,66,550,carissa4.bautista@shopmykart.store,"Customer Survey",,"29-07-2021 08:55"
36702,89,66,550,carissa4.bautista@shopmykart.store,"Customer Survey",,"29-07-2021 08:55"
36703,89,66,553,carissa4.bautista@shopmykart.store,"Customer Survey",,"29-07-2021 08:55"
36704,89,66,550,carissa4.bautista@shopmykart.store,"Customer Survey",,"29-07-2021 09:20"
36705,89,66,560,carissa4.bautista@shopmykart.store,"Customer Survey",,"29-07-2021 09:20"
36706,89,66,560,carissa4.bautista@shopmykart.store,"Customer Survey",,"29-07-2021 09:20"
36707,89,66,556,carissa4.bautista@shopmykart.store,"Customer Survey",,"29-07-2021 09:20"
36708,89,66,545,carissa4.bautista@shopmykart.store,"Customer Survey",,"29-07-2021 09:20"
36709,89,66,552,carissa4.bautista@shopmykart.store,"Customer Survey",,"29-07-2021 09:45"
36710,89,66,552,carissa4.bautista@shopmykart.store,"Customer Survey",,"29-07-2021 09:45"
36711,89,66,552,carissa4.bautista@shopmykart.store,"Customer Survey",,"29-07-2021 09:45"
36712,89,66,550,carissa4.bautista@shopmykart.store,"Customer Survey",,"29-07-2021 09:45"
36713,89,66,552,carissa4.bautista@shopmykart.store,"Customer Survey",,"29-07-2021 09:45"
36714,89,66,545,carissa4.bautista@shopmykart.store,"Customer Survey",,"29-07-2021 10:10"
36715,89,66,545,carissa4.bautista@shopmykart.store,"Customer Survey",,"29-07-2021 10:10"
36716,89,66,560,carissa4.bautista@shopmykart.store,"Customer Survey",,"29-07-2021 10:10"
36717,89,66,545,carissa4.bautista@shopmykart.store,"Customer Survey",,"29-07-2021 10:10"
36718,89,66,540,carissa4.bautista@shopmykart.store,"Customer Survey",,"29-07-2021 10:10"
36719,89,66,553,carissa4.bautista@shopmykart.store,"Customer Survey",,"29-07-2021 10:35"
36720,89,66,556,carissa4.bautista@shopmykart.store,"Customer Survey",,"29-07-2021 10:35"
36721,89,66,560,carissa4.bautista@shopmykart.store,"Customer Survey",,"29-07-2021 10:35"
36722,89,66,556,carissa4.bautista@shopmykart.store,"Customer Survey",,"29-07-2021 10:35"
36723,89,66,552,carissa4.bautista@shopmykart.store,"Customer Survey",,"29-07-2021 10:35"
36724,89,66,560,carissa4.bautista@shopmykart.store,"Customer Survey",,"29-07-2021 11:00"
36725,89,66,552,carissa4.bautista@shopmykart.store,"Customer Survey",,"29-07-2021 11:00"
36726,89,66,540,carissa4.bautista@shopmykart.store,"Customer Survey",,"29-07-2021 11:00"
36727,89,66,553,carissa4.bautista@shopmykart.store,"Customer Survey",,"29-07-2021 11:00"
36728,89,66,556,carissa4.bautista@shopmykart.store,"Customer Survey",,"29-07-2021 11:00"
36729,89,66,552,carissa4.bautista@shopmykart.store,"Customer Survey",,"29-07-2021 11:45"
36730,89,66,553,carissa4.bautista@shopmykart.store,"Customer Survey",,"29-07-2021 11:45"
36731,89,66,556,carissa4.bautista@shopmykart.store,"Customer Survey",,"29-07-2021 11:45"
36732,89,66,560,carissa4.bautista@shopmykart.store,"Customer Survey",,"29-07-2021 11:45"
36733,89,66,553,carissa4.bautista@shopmykart.store,"Customer Survey",,"29-07-2021 11:45"
36734,89,66,545,carissa4.bautista@shopmykart.store,"Customer Survey",,"29-07-2021 12:10"
36735,89,66,553,carissa4.bautista@shopmykart.store,"Customer Survey",,"29-07-2021 12:10"
36736,89,66,552,carissa4.bautista@shopmykart.store,"Customer Survey",,"29-07-2021 12:10"
36737,89,66,556,carissa4.bautista@shopmykart.store,"Customer Survey",,"29-07-2021 12:10"
36738,89,66,556,carissa4.bautista@shopmykart.store,"Customer Survey",,"29-07-2021 12:10"
36739,89,66,545,carissa4.bautista@shopmykart.store,"Customer Survey",,"29-07-2021 12:35"
36740,89,66,545,carissa4.bautista@shopmykart.store,"Customer Survey",,"29-07-2021 12:35"
36741,89,66,540,carissa4.bautista@shopmykart.store,"Customer Survey",,"29-07-2021 12:35"
36742,89,66,552,carissa4.bautista@shopmykart.store,"Customer Survey",,"29-07-2021 12:35"
36743,89,66,545,carissa4.bautista@shopmykart.store,"Customer Survey",,"29-07-2021 12:35"
36744,89,66,560,carissa4.bautista@shopmykart.store,"Customer Survey",,"29-07-2021 13:00"
36745,89,66,545,carissa4.bautista@shopmykart.store,"Customer Survey",,"29-07-2021 13:00"
36746,89,66,560,carissa4.bautista@shopmykart.store,"Customer Survey",,"29-07-2021 13:00"
36747,89,66,550,carissa4.bautista@shopmykart.store,"Customer Survey",,"29-07-2021 13:00"
36748,89,66,545,carissa4.bautista@shopmykart.store,"Customer Survey",,"29-07-2021 13:00"
36749,89,66,553,carissa4.bautista@shopmykart.store,"Customer Survey",,"29-07-2021 13:25"
36750,89,66,552,carissa4.bautista@shopmykart.store,"Customer Survey",,"29-07-2021 13:25"
36751,89,66,540,carissa4.bautista@shopmykart.store,"Customer Survey",,"29-07-2021 13:25"
36752,89,66,553,carissa4.bautista@shopmykart.store,"Customer Survey",,"29-07-2021 13:25"
36753,89,66,556,carissa4.bautista@shopmykart.store,"Customer Survey",,"29-07-2021 13:25"
36754,89,66,553,carissa4.bautista@shopmykart.store,"Customer Survey",,"29-07-2021 13:50"
36755,89,66,552,carissa4.bautista@shopmykart.store,"Customer Survey",,"29-07-2021 13:50"
36756,89,66,553,carissa4.bautista@shopmykart.store,"Customer Survey",,"29-07-2021 13:50"
36757,89,66,560,carissa4.bautista@shopmykart.store,"Customer Survey",,"29-07-2021 13:50"
36758,89,66,560,carissa4.bautista@shopmykart.store,"Customer Survey",,"29-07-2021 13:50"
36759,89,66,560,carissa4.bautista@shopmykart.store,"Customer Survey",,"29-07-2021 14:15"
36760,89,66,550,carissa4.bautista@shopmykart.store,"Customer Survey",,"29-07-2021 14:15"
36761,89,66,560,carissa4.bautista@shopmykart.store,"Customer Survey",,"29-07-2021 14:15"
36762,89,66,553,carissa4.bautista@shopmykart.store,"Customer Survey",,"29-07-2021 14:15"
36763,89,66,553,carissa4.bautista@shopmykart.store,"Customer Survey",,"29-07-2021 14:15"
36764,89,66,560,carissa4.bautista@shopmykart.store,"Customer Survey",,"29-07-2021 14:40"
36765,89,66,556,carissa4.bautista@shopmykart.store,"Customer Survey",,"29-07-2021 14:40"
36766,89,66,553,carissa4.bautista@shopmykart.store,"Customer Survey",,"29-07-2021 14:40"
36767,89,66,552,carissa4.bautista@shopmykart.store,"Customer Survey",,"29-07-2021 14:40"
36768,89,66,540,carissa4.bautista@shopmykart.store,"Customer Survey",,"29-07-2021 14:40"
36769,89,66,556,carissa4.bautista@shopmykart.store,"Customer Survey",,"29-07-2021 15:05"
36770,89,66,545,carissa4.bautista@shopmykart.store,"Customer Survey",,"29-07-2021 15:05"
36771,89,66,560,carissa4.bautista@shopmykart.store,"Customer Survey",,"29-07-2021 15:05"
36772,89,66,560,carissa4.bautista@shopmykart.store,"Customer Survey",,"29-07-2021 15:05"
36773,89,66,560,carissa4.bautista@shopmykart.store,"Customer Survey",,"29-07-2021 15:05"
36774,89,66,545,carissa4.bautista@shopmykart.store,"Customer Survey",,"29-07-2021 15:30"
36775,89,66,553,carissa4.bautista@shopmykart.store,"Customer Survey",,"29-07-2021 15:30"
36776,89,66,545,carissa4.bautista@shopmykart.store,"Customer Survey",,"29-07-2021 15:30"
36777,89,66,553,carissa4.bautista@shopmykart.store,"Customer Survey",,"29-07-2021 15:30"
36778,89,66,550,carissa4.bautista@shopmykart.store,"Customer Survey",,"29-07-2021 15:30"
36779,89,66,540,carissa4.bautista@shopmykart.store,"Customer Survey",,"29-07-2021 22:00"
36780,89,66,552,carissa4.bautista@shopmykart.store,"Customer Survey",,"29-07-2021 22:00"
36781,89,66,540,carissa4.bautista@shopmykart.store,"Customer Survey",,"29-07-2021 22:00"
36782,89,66,552,carissa4.bautista@shopmykart.store,"Customer Survey",,"29-07-2021 22:00"
36783,89,66,552,carissa4.bautista@shopmykart.store,"Customer Survey",,"29-07-2021 22:00"
36784,89,66,545,carissa4.bautista@shopmykart.store,"Customer Survey",,"29-07-2021 22:25"
36785,89,66,552,carissa4.bautista@shopmykart.store,"Customer Survey",,"29-07-2021 22:25"
36786,89,66,560,carissa4.bautista@shopmykart.store,"Customer Survey",,"29-07-2021 22:25"
36787,89,66,550,carissa4.bautista@shopmykart.store,"Customer Survey",,"29-07-2021 22:25"
36788,89,66,553,carissa4.bautista@shopmykart.store,"Customer Survey",,"29-07-2021 22:25"
36789,89,66,550,carissa4.bautista@shopmykart.store,"Customer Survey",,"29-07-2021 22:50"
36790,89,66,545,carissa4.bautista@shopmykart.store,"Customer Survey",,"29-07-2021 22:50"
36791,89,66,560,carissa4.bautista@shopmykart.store,"Customer Survey",,"29-07-2021 22:50"
36792,89,66,545,carissa4.bautista@shopmykart.store,"Customer Survey",,"29-07-2021 22:50"
36793,89,66,556,carissa4.bautista@shopmykart.store,"Customer Survey",,"29-07-2021 22:50"
36794,89,66,552,carissa4.bautista@shopmykart.store,"Customer Survey",,"29-07-2021 23:15"
36795,89,66,540,carissa4.bautista@shopmykart.store,"Customer Survey",,"29-07-2021 23:15"
36796,89,66,550,carissa4.bautista@shopmykart.store,"Customer Survey",,"29-07-2021 23:15"
36797,89,66,553,carissa4.bautista@shopmykart.store,"Customer Survey",,"29-07-2021 23:15"
36798,89,66,540,carissa4.bautista@shopmykart.store,"Customer Survey",,"29-07-2021 23:15"
36799,89,66,540,carissa4.bautista@shopmykart.store,"Customer Survey",,"29-07-2021 23:40"
36800,89,66,550,carissa4.bautista@shopmykart.store,"Customer Survey",,"29-07-2021 23:40"
36801,89,66,540,carissa4.bautista@shopmykart.store,"Customer Survey",,"29-07-2021 23:40"
36802,89,66,556,carissa4.bautista@shopmykart.store,"Customer Survey",,"29-07-2021 23:40"
36803,89,66,545,carissa4.bautista@shopmykart.store,"Customer Survey",,"29-07-2021 23:40"
36804,89,66,556,carissa4.bautista@shopmykart.store,"Customer Survey",,"30-07-2021 00:05"
36805,89,66,552,carissa4.bautista@shopmykart.store,"Customer Survey",,"30-07-2021 00:05"
36806,89,66,550,carissa4.bautista@shopmykart.store,"Customer Survey",,"30-07-2021 00:05"
36807,89,66,550,carissa4.bautista@shopmykart.store,"Customer Survey",,"30-07-2021 00:05"
36808,89,66,556,carissa4.bautista@shopmykart.store,"Customer Survey",,"30-07-2021 00:05"
36809,89,66,552,carissa4.bautista@shopmykart.store,"Customer Survey",,"30-07-2021 00:30"
36810,89,66,556,carissa4.bautista@shopmykart.store,"Customer Survey",,"30-07-2021 00:30"
36811,89,66,540,carissa4.bautista@shopmykart.store,"Customer Survey",,"30-07-2021 00:30"
36812,89,66,553,carissa4.bautista@shopmykart.store,"Customer Survey",,"30-07-2021 00:30"
36813,89,66,550,carissa4.bautista@shopmykart.store,"Customer Survey",,"30-07-2021 00:30"
36814,89,66,545,carissa4.bautista@shopmykart.store,"Customer Survey",,"30-07-2021 01:05"
36815,89,66,560,carissa4.bautista@shopmykart.store,"Customer Survey",,"30-07-2021 01:05"
36816,89,66,540,carissa4.bautista@shopmykart.store,"Customer Survey",,"30-07-2021 01:05"
36817,89,66,545,carissa4.bautista@shopmykart.store,"Customer Survey",,"30-07-2021 01:05"
36818,89,66,540,carissa4.bautista@shopmykart.store,"Customer Survey",,"30-07-2021 01:05"
36819,89,66,560,carissa4.bautista@shopmykart.store,"Customer Survey",,"30-07-2021 01:30"
36820,89,66,553,carissa4.bautista@shopmykart.store,"Customer Survey",,"30-07-2021 01:30"
36821,89,66,545,carissa4.bautista@shopmykart.store,"Customer Survey",,"30-07-2021 01:30"
36822,89,66,553,carissa4.bautista@shopmykart.store,"Customer Survey",,"30-07-2021 01:30"
36823,89,66,540,carissa4.bautista@shopmykart.store,"Customer Survey",,"30-07-2021 01:30"
36824,89,66,552,carissa4.bautista@shopmykart.store,"Customer Survey",,"30-07-2021 01:55"
36825,89,66,556,carissa4.bautista@shopmykart.store,"Customer Survey",,"30-07-2021 01:55"
36826,89,66,540,carissa4.bautista@shopmykart.store,"Customer Survey",,"30-07-2021 01:55"
36827,89,66,540,carissa4.bautista@shopmykart.store,"Customer Survey",,"30-07-2021 01:55"
36828,89,66,545,carissa4.bautista@shopmykart.store,"Customer Survey",,"30-07-2021 01:55"
36829,89,66,545,carissa4.bautista@shopmykart.store,"Customer Survey",,"30-07-2021 02:20"
36830,89,66,560,carissa4.bautista@shopmykart.store,"Customer Survey",,"30-07-2021 02:20"
36831,89,66,553,carissa4.bautista@shopmykart.store,"Customer Survey",,"30-07-2021 02:20"
36832,89,66,552,carissa4.bautista@shopmykart.store,"Customer Survey",,"30-07-2021 02:20"
36833,89,66,553,carissa4.bautista@shopmykart.store,"Customer Survey",,"30-07-2021 02:20"
36834,89,66,552,carissa4.bautista@shopmykart.store,"Customer Survey",,"30-07-2021 02:45"
36835,89,66,553,carissa4.bautista@shopmykart.store,"Customer Survey",,"30-07-2021 02:45"
36836,89,66,540,carissa4.bautista@shopmykart.store,"Customer Survey",,"30-07-2021 02:45"
36837,89,66,545,carissa4.bautista@shopmykart.store,"Customer Survey",,"30-07-2021 02:45"
36838,89,66,552,carissa4.bautista@shopmykart.store,"Customer Survey",,"30-07-2021 02:45"
36839,89,66,540,carissa4.bautista@shopmykart.store,"Customer Survey",,"30-07-2021 03:10"
36840,89,66,540,carissa4.bautista@shopmykart.store,"Customer Survey",,"30-07-2021 03:10"
36841,89,66,556,carissa4.bautista@shopmykart.store,"Customer Survey",,"30-07-2021 03:10"
36842,89,66,545,carissa4.bautista@shopmykart.store,"Customer Survey",,"30-07-2021 03:10"
36843,89,66,553,carissa4.bautista@shopmykart.store,"Customer Survey",,"30-07-2021 03:10"
36844,89,66,553,carissa4.bautista@shopmykart.store,"Customer Survey",,"30-07-2021 03:35"
36845,89,66,556,carissa4.bautista@shopmykart.store,"Customer Survey",,"30-07-2021 03:35"
36846,89,66,550,carissa4.bautista@shopmykart.store,"Customer Survey",,"30-07-2021 03:35"
36847,89,66,550,carissa4.bautista@shopmykart.store,"Customer Survey",,"30-07-2021 03:35"
36848,89,66,540,carissa4.bautista@shopmykart.store,"Customer Survey",,"30-07-2021 03:35"
36849,89,66,552,carissa4.bautista@shopmykart.store,"Customer Survey",,"30-07-2021 05:05"
36850,89,66,556,carissa4.bautista@shopmykart.store,"Customer Survey",,"30-07-2021 05:05"
36851,89,66,560,carissa4.bautista@shopmykart.store,"Customer Survey",,"30-07-2021 05:05"
36852,89,66,556,carissa4.bautista@shopmykart.store,"Customer Survey",,"30-07-2021 05:05"
36853,89,66,553,carissa4.bautista@shopmykart.store,"Customer Survey",,"30-07-2021 05:05"
36854,89,66,556,carissa4.bautista@shopmykart.store,"Customer Survey",,"30-07-2021 05:30"
36855,89,66,553,carissa4.bautista@shopmykart.store,"Customer Survey",,"30-07-2021 05:30"
36856,89,66,553,carissa4.bautista@shopmykart.store,"Customer Survey",,"30-07-2021 05:30"
36857,89,66,550,carissa4.bautista@shopmykart.store,"Customer Survey",,"30-07-2021 05:30"
36858,89,66,545,carissa4.bautista@shopmykart.store,"Customer Survey",,"30-07-2021 05:30"
36859,89,66,560,carissa4.bautista@shopmykart.store,"Customer Survey",,"30-07-2021 05:55"
36860,89,66,545,carissa4.bautista@shopmykart.store,"Customer Survey",,"30-07-2021 05:55"
36861,89,66,556,carissa4.bautista@shopmykart.store,"Customer Survey",,"30-07-2021 05:55"
36862,89,66,552,carissa4.bautista@shopmykart.store,"Customer Survey",,"30-07-2021 05:55"
36863,89,66,560,carissa4.bautista@shopmykart.store,"Customer Survey",,"30-07-2021 05:55"
36864,89,66,552,carissa4.bautista@shopmykart.store,"Customer Survey",,"30-07-2021 06:20"
36865,89,66,540,carissa4.bautista@shopmykart.store,"Customer Survey",,"30-07-2021 06:20"
36866,89,66,545,carissa4.bautista@shopmykart.store,"Customer Survey",,"30-07-2021 06:20"
36867,89,66,553,carissa4.bautista@shopmykart.store,"Customer Survey",,"30-07-2021 06:20"
36868,89,66,556,carissa4.bautista@shopmykart.store,"Customer Survey",,"30-07-2021 06:20"
36869,89,66,553,carissa4.bautista@shopmykart.store,"Customer Survey",,"30-07-2021 06:45"
36870,89,66,560,carissa4.bautista@shopmykart.store,"Customer Survey",,"30-07-2021 06:45"
36871,89,66,560,carissa4.bautista@shopmykart.store,"Customer Survey",,"30-07-2021 06:45"
36872,89,66,540,carissa4.bautista@shopmykart.store,"Customer Survey",,"30-07-2021 06:45"
36873,89,66,553,carissa4.bautista@shopmykart.store,"Customer Survey",,"30-07-2021 06:45"
36874,89,66,560,carissa4.bautista@shopmykart.store,"Customer Survey",,"30-07-2021 07:10"
36875,89,66,550,carissa4.bautista@shopmykart.store,"Customer Survey",,"30-07-2021 07:10"
36876,89,66,553,carissa4.bautista@shopmykart.store,"Customer Survey",,"30-07-2021 07:10"
36877,89,66,550,carissa4.bautista@shopmykart.store,"Customer Survey",,"30-07-2021 07:10"
36878,89,66,556,carissa4.bautista@shopmykart.store,"Customer Survey",,"30-07-2021 07:10"
36879,89,66,552,carissa4.bautista@shopmykart.store,"Customer Survey",,"30-07-2021 07:35"
36880,89,66,556,carissa4.bautista@shopmykart.store,"Customer Survey",,"30-07-2021 07:35"
36881,89,66,550,carissa4.bautista@shopmykart.store,"Customer Survey",,"30-07-2021 07:35"
36882,89,66,553,carissa4.bautista@shopmykart.store,"Customer Survey",,"30-07-2021 07:35"
36883,89,66,540,carissa4.bautista@shopmykart.store,"Customer Survey",,"30-07-2021 07:35"
36884,89,66,552,carissa4.bautista@shopmykart.store,"Customer Survey",,"30-07-2021 10:20"
36885,89,66,545,carissa4.bautista@shopmykart.store,"Customer Survey",,"30-07-2021 10:20"
36886,89,66,552,carissa4.bautista@shopmykart.store,"Customer Survey",,"30-07-2021 10:20"
36887,89,66,545,carissa4.bautista@shopmykart.store,"Customer Survey",,"30-07-2021 10:20"
36888,89,66,552,carissa4.bautista@shopmykart.store,"Customer Survey",,"30-07-2021 10:20"
36889,89,66,552,carissa4.bautista@shopmykart.store,"Customer Survey",,"30-07-2021 10:45"
36890,89,66,550,carissa4.bautista@shopmykart.store,"Customer Survey",,"30-07-2021 10:45"
36891,89,66,560,carissa4.bautista@shopmykart.store,"Customer Survey",,"30-07-2021 10:45"
36892,89,66,540,carissa4.bautista@shopmykart.store,"Customer Survey",,"30-07-2021 10:45"
36893,89,66,540,carissa4.bautista@shopmykart.store,"Customer Survey",,"30-07-2021 10:45"
36894,89,66,553,carissa4.bautista@shopmykart.store,"Customer Survey",,"30-07-2021 11:10"
36895,89,66,556,carissa4.bautista@shopmykart.store,"Customer Survey",,"30-07-2021 11:10"
36896,89,66,553,carissa4.bautista@shopmykart.store,"Customer Survey",,"30-07-2021 11:10"
36897,89,66,560,carissa4.bautista@shopmykart.store,"Customer Survey",,"30-07-2021 11:10"
36898,89,66,545,carissa4.bautista@shopmykart.store,"Customer Survey",,"30-07-2021 11:10"
36899,89,66,545,carissa4.bautista@shopmykart.store,"Customer Survey",,"30-07-2021 11:35"
36900,89,66,556,carissa4.bautista@shopmykart.store,"Customer Survey",,"30-07-2021 11:35"
36901,89,66,540,carissa4.bautista@shopmykart.store,"Customer Survey",,"30-07-2021 11:35"
36902,89,66,540,carissa4.bautista@shopmykart.store,"Customer Survey",,"30-07-2021 11:35"
36903,89,66,540,carissa4.bautista@shopmykart.store,"Customer Survey",,"30-07-2021 11:35"
36904,89,66,560,carissa4.bautista@shopmykart.store,"Customer Survey",,"30-07-2021 12:00"
36905,89,66,560,carissa4.bautista@shopmykart.store,"Customer Survey",,"30-07-2021 12:00"
36906,89,66,553,carissa4.bautista@shopmykart.store,"Customer Survey",,"30-07-2021 12:00"
36907,89,66,553,carissa4.bautista@shopmykart.store,"Customer Survey",,"30-07-2021 12:00"
36908,89,66,545,carissa4.bautista@shopmykart.store,"Customer Survey",,"30-07-2021 12:00"
36909,89,66,545,carissa4.bautista@shopmykart.store,"Customer Survey",,"30-07-2021 12:25"
36910,89,66,540,carissa4.bautista@shopmykart.store,"Customer Survey",,"30-07-2021 12:25"
36911,89,66,540,carissa4.bautista@shopmykart.store,"Customer Survey",,"30-07-2021 12:25"
36912,89,66,553,carissa4.bautista@shopmykart.store,"Customer Survey",,"30-07-2021 12:25"
36913,89,66,553,carissa4.bautista@shopmykart.store,"Customer Survey",,"30-07-2021 12:25"
36914,89,66,540,carissa4.bautista@shopmykart.store,"Customer Survey",,"30-07-2021 12:50"
